id,datetime,from,to,communication
1732,2009-01-19 01:00:00,Android,Android,Call
2440,2009-01-26 10:00:00,Android,Ios,Call
1232,2009-01-13 20:00:00,Android,Ios,Message
1081,2009-01-12 06:15:00,Ios,Ios,Message
2920,2009-01-31 10:00:00,Ios,Android,Call
2343,2009-01-25 09:45:00,Ios,Android,Call
1271,2009-01-14 05:45:00,Ios,Ios,Message
2015,2009-01-21 23:45:00,Ios,Android,Message
1548,2009-01-17 03:00:00,Ios,Android,Message
59,2009-01-01 14:45:00,Android,Android,Message
2158,2009-01-23 11:30:00,Ios,Ios,Call
2740,2009-01-29 13:00:00,Ios,Android,Call
2093,2009-01-22 19:15:00,Android,Ios,Call
414,2009-01-05 07:30:00,Android,Android,Call
764,2009-01-08 23:00:00,Android,Android,Message
2623,2009-01-28 07:45:00,Ios,Ios,Message
1380,2009-01-15 09:00:00,Android,Ios,Message
1013,2009-01-11 13:15:00,Ios,Ios,Call
2284,2009-01-24 19:00:00,Android,Ios,Message
2328,2009-01-25 06:00:00,Android,Android,Call
2240,2009-01-24 08:00:00,Ios,Ios,Message
1231,2009-01-13 19:45:00,Ios,Ios,Call
2088,2009-01-22 18:00:00,Ios,Android,Call
1490,2009-01-16 12:30:00,Ios,Ios,Call
2196,2009-01-23 21:00:00,Android,Ios,Call
2181,2009-01-23 17:15:00,Android,Ios,Call
440,2009-01-05 14:00:00,Android,Android,Call
1588,2009-01-17 13:00:00,Android,Ios,Message
477,2009-01-05 23:15:00,Ios,Ios,Message
2932,2009-01-31 13:00:00,Android,Ios,Call
2701,2009-01-29 03:15:00,Ios,Android,Call
2654,2009-01-28 15:30:00,Android,Android,Call
1127,2009-01-12 17:45:00,Android,Ios,Call
715,2009-01-08 10:45:00,Android,Android,Message
1902,2009-01-20 19:30:00,Android,Ios,Message
2037,2009-01-22 05:15:00,Android,Android,Message
2148,2009-01-23 09:00:00,Android,Android,Call
1449,2009-01-16 02:15:00,Android,Ios,Message
2147,2009-01-23 08:45:00,Ios,Ios,Call
2620,2009-01-28 07:00:00,Ios,Android,Call
6,2009-01-01 01:30:00,Android,Android,Call
1269,2009-01-14 05:15:00,Ios,Android,Message
1876,2009-01-20 13:00:00,Android,Android,Call
840,2009-01-09 18:00:00,Ios,Ios,Message
1084,2009-01-12 07:00:00,Android,Android,Call
2650,2009-01-28 14:30:00,Android,Android,Call
125,2009-01-02 07:15:00,Android,Android,Message
2946,2009-01-31 16:30:00,Ios,Android,Call
1273,2009-01-14 06:15:00,Android,Ios,Call
2886,2009-01-31 01:30:00,Ios,Android,Message
708,2009-01-08 09:00:00,Ios,Android,Call
2432,2009-01-26 08:00:00,Ios,Android,Call
2915,2009-01-31 08:45:00,Ios,Ios,Message
391,2009-01-05 01:45:00,Android,Android,Call
2331,2009-01-25 06:45:00,Ios,Android,Call
220,2009-01-03 07:00:00,Ios,Android,Call
1728,2009-01-19 00:00:00,Android,Ios,Call
1503,2009-01-16 15:45:00,Android,Android,Call
17,2009-01-01 04:15:00,Ios,Ios,Call
58,2009-01-01 14:30:00,Android,Ios,Call
568,2009-01-06 22:00:00,Ios,Ios,Message
1789,2009-01-19 15:15:00,Android,Ios,Call
2604,2009-01-28 03:00:00,Android,Android,Message
2300,2009-01-24 23:00:00,Ios,Ios,Call
937,2009-01-10 18:15:00,Ios,Android,Message
2714,2009-01-29 06:30:00,Android,Ios,Call
411,2009-01-05 06:45:00,Android,Ios,Call
703,2009-01-08 07:45:00,Android,Ios,Message
2552,2009-01-27 14:00:00,Ios,Ios,Message
261,2009-01-03 17:15:00,Ios,Ios,Call
1854,2009-01-20 07:30:00,Ios,Ios,Call
2644,2009-01-28 13:00:00,Android,Ios,Call
2942,2009-01-31 15:30:00,Ios,Ios,Call
269,2009-01-03 19:15:00,Android,Android,Call
1586,2009-01-17 12:30:00,Ios,Ios,Message
149,2009-01-02 13:15:00,Android,Android,Call
107,2009-01-02 02:45:00,Android,Android,Message
1752,2009-01-19 06:00:00,Android,Android,Call
2481,2009-01-26 20:15:00,Ios,Android,Message
1602,2009-01-17 16:30:00,Android,Android,Message
2863,2009-01-30 19:45:00,Ios,Ios,Call
1,2009-01-01 00:15:00,Android,Ios,Message
384,2009-01-05 00:00:00,Ios,Ios,Call
530,2009-01-06 12:30:00,Android,Android,Call
588,2009-01-07 03:00:00,Ios,Android,Call
1656,2009-01-18 06:00:00,Ios,Ios,Call
1922,2009-01-21 00:30:00,Android,Ios,Call
453,2009-01-05 17:15:00,Ios,Ios,Call
1686,2009-01-18 13:30:00,Ios,Ios,Message
2639,2009-01-28 11:45:00,Ios,Ios,Call
1983,2009-01-21 15:45:00,Ios,Ios,Message
2542,2009-01-27 11:30:00,Ios,Android,Message
700,2009-01-08 07:00:00,Ios,Android,Call
1095,2009-01-12 09:45:00,Android,Ios,Call
710,2009-01-08 09:30:00,Ios,Android,Call
2215,2009-01-24 01:45:00,Ios,Ios,Message
855,2009-01-09 21:45:00,Android,Android,Message
1332,2009-01-14 21:00:00,Ios,Ios,Message
1646,2009-01-18 03:30:00,Ios,Android,Message
1529,2009-01-16 22:15:00,Android,Android,Message
713,2009-01-08 10:15:00,Android,Ios,Message
2921,2009-01-31 10:15:00,Ios,Android,Message
2678,2009-01-28 21:30:00,Ios,Ios,Call
2687,2009-01-28 23:45:00,Ios,Android,Call
2235,2009-01-24 06:45:00,Android,Android,Call
1923,2009-01-21 00:45:00,Ios,Android,Message
819,2009-01-09 12:45:00,Ios,Ios,Message
2505,2009-01-27 02:15:00,Ios,Ios,Call
1485,2009-01-16 11:15:00,Ios,Ios,Call
1098,2009-01-12 10:30:00,Android,Android,Call
1851,2009-01-20 06:45:00,Ios,Android,Message
2430,2009-01-26 07:30:00,Android,Ios,Call
2311,2009-01-25 01:45:00,Android,Android,Call
2019,2009-01-22 00:45:00,Ios,Ios,Call
52,2009-01-01 13:00:00,Ios,Android,Message
2031,2009-01-22 03:45:00,Android,Ios,Call
2318,2009-01-25 03:30:00,Ios,Ios,Message
1754,2009-01-19 06:30:00,Ios,Ios,Message
20,2009-01-01 05:00:00,Android,Ios,Message
1376,2009-01-15 08:00:00,Ios,Ios,Message
2908,2009-01-31 07:00:00,Ios,Android,Message
1881,2009-01-20 14:15:00,Android,Ios,Message
194,2009-01-03 00:30:00,Android,Ios,Call
189,2009-01-02 23:15:00,Android,Ios,Call
1703,2009-01-18 17:45:00,Android,Ios,Call
264,2009-01-03 18:00:00,Android,Ios,Message
1573,2009-01-17 09:15:00,Ios,Android,Message
1505,2009-01-16 16:15:00,Ios,Ios,Message
1411,2009-01-15 16:45:00,Android,Android,Call
2776,2009-01-29 22:00:00,Ios,Ios,Call
2751,2009-01-29 15:45:00,Android,Ios,Message
2308,2009-01-25 01:00:00,Ios,Android,Call
1519,2009-01-16 19:45:00,Ios,Android,Message
579,2009-01-07 00:45:00,Ios,Ios,Message
2484,2009-01-26 21:00:00,Ios,Android,Call
2553,2009-01-27 14:15:00,Android,Android,Message
1714,2009-01-18 20:30:00,Android,Ios,Message
48,2009-01-01 12:00:00,Android,Android,Call
1599,2009-01-17 15:45:00,Android,Android,Message
1829,2009-01-20 01:15:00,Android,Android,Message
1235,2009-01-13 20:45:00,Ios,Android,Call
223,2009-01-03 07:45:00,Android,Android,Call
2039,2009-01-22 05:45:00,Android,Android,Call
2358,2009-01-25 13:30:00,Android,Ios,Call
1761,2009-01-19 08:15:00,Android,Android,Message
2574,2009-01-27 19:30:00,Ios,Android,Message
829,2009-01-09 15:15:00,Ios,Ios,Message
1157,2009-01-13 01:15:00,Ios,Android,Call
1990,2009-01-21 17:30:00,Ios,Android,Message
2242,2009-01-24 08:30:00,Android,Ios,Call
964,2009-01-11 01:00:00,Ios,Android,Message
1473,2009-01-16 08:15:00,Ios,Android,Message
286,2009-01-03 23:30:00,Android,Android,Message
2748,2009-01-29 15:00:00,Ios,Android,Message
97,2009-01-02 00:15:00,Android,Ios,Message
2784,2009-01-30 00:00:00,Android,Ios,Call
2938,2009-01-31 14:30:00,Android,Ios,Call
2656,2009-01-28 16:00:00,Ios,Android,Call
795,2009-01-09 06:45:00,Android,Ios,Call
1174,2009-01-13 05:30:00,Ios,Ios,Message
285,2009-01-03 23:15:00,Android,Ios,Message
557,2009-01-06 19:15:00,Android,Android,Message
2491,2009-01-26 22:45:00,Android,Android,Call
2959,2009-01-31 19:45:00,Android,Android,Call
1515,2009-01-16 18:45:00,Android,Ios,Message
926,2009-01-10 15:30:00,Android,Android,Message
133,2009-01-02 09:15:00,Ios,Android,Message
2812,2009-01-30 07:00:00,Android,Ios,Message
1893,2009-01-20 17:15:00,Android,Android,Call
602,2009-01-07 06:30:00,Ios,Ios,Call
1773,2009-01-19 11:15:00,Ios,Android,Call
1887,2009-01-20 15:45:00,Ios,Ios,Message
2792,2009-01-30 02:00:00,Ios,Android,Message
949,2009-01-10 21:15:00,Ios,Ios,Call
1935,2009-01-21 03:45:00,Ios,Ios,Message
996,2009-01-11 09:00:00,Ios,Android,Call
2914,2009-01-31 08:30:00,Android,Android,Message
11,2009-01-01 02:45:00,Ios,Android,Call
1311,2009-01-14 15:45:00,Ios,Android,Message
1733,2009-01-19 01:15:00,Android,Android,Message
442,2009-01-05 14:30:00,Ios,Android,Message
2861,2009-01-30 19:15:00,Ios,Android,Message
157,2009-01-02 15:15:00,Ios,Android,Call
2313,2009-01-25 02:15:00,Android,Ios,Call
505,2009-01-06 06:15:00,Ios,Android,Message
1239,2009-01-13 21:45:00,Android,Android,Call
1736,2009-01-19 02:00:00,Ios,Ios,Message
18,2009-01-01 04:30:00,Ios,Android,Call
1370,2009-01-15 06:30:00,Android,Android,Message
200,2009-01-03 02:00:00,Ios,Ios,Call
646,2009-01-07 17:30:00,Android,Android,Message
2750,2009-01-29 15:30:00,Ios,Android,Call
2777,2009-01-29 22:15:00,Android,Ios,Message
47,2009-01-01 11:45:00,Android,Android,Message
1553,2009-01-17 04:15:00,Ios,Android,Call
2112,2009-01-23 00:00:00,Ios,Ios,Message
2566,2009-01-27 17:30:00,Ios,Android,Message
1760,2009-01-19 08:00:00,Android,Android,Message
1420,2009-01-15 19:00:00,Android,Ios,Call
2611,2009-01-28 04:45:00,Android,Android,Message
1651,2009-01-18 04:45:00,Ios,Ios,Call
1914,2009-01-20 22:30:00,Android,Android,Call
897,2009-01-10 08:15:00,Android,Android,Call
1062,2009-01-12 01:30:00,Ios,Ios,Message
657,2009-01-07 20:15:00,Android,Ios,Call
2593,2009-01-28 00:15:00,Android,Android,Call
1225,2009-01-13 18:15:00,Android,Ios,Message
2462,2009-01-26 15:30:00,Ios,Ios,Call
1010,2009-01-11 12:30:00,Ios,Android,Message
1452,2009-01-16 03:00:00,Ios,Ios,Message
413,2009-01-05 07:15:00,Android,Android,Call
1976,2009-01-21 14:00:00,Ios,Android,Message
254,2009-01-03 15:30:00,Ios,Android,Call
2266,2009-01-24 14:30:00,Ios,Ios,Call
2309,2009-01-25 01:15:00,Android,Ios,Call
684,2009-01-08 03:00:00,Ios,Ios,Call
300,2009-01-04 03:00:00,Android,Ios,Message
128,2009-01-02 08:00:00,Android,Android,Call
1054,2009-01-11 23:30:00,Android,Ios,Message
1347,2009-01-15 00:45:00,Ios,Ios,Call
1362,2009-01-15 04:30:00,Android,Ios,Call
2010,2009-01-21 22:30:00,Android,Ios,Call
846,2009-01-09 19:30:00,Ios,Ios,Message
1606,2009-01-17 17:30:00,Ios,Ios,Call
386,2009-01-05 00:30:00,Ios,Android,Call
651,2009-01-07 18:45:00,Android,Android,Call
2258,2009-01-24 12:30:00,Ios,Android,Call
805,2009-01-09 09:15:00,Ios,Android,Message
2983,2009-02-01 01:45:00,Ios,Ios,Message
366,2009-01-04 19:30:00,Android,Android,Message
2367,2009-01-25 15:45:00,Android,Android,Message
2294,2009-01-24 21:30:00,Ios,Ios,Call
2924,2009-01-31 11:00:00,Android,Android,Message
1857,2009-01-20 08:15:00,Ios,Ios,Call
2674,2009-01-28 20:30:00,Android,Android,Call
1257,2009-01-14 02:15:00,Ios,Ios,Message
2859,2009-01-30 18:45:00,Ios,Android,Call
458,2009-01-05 18:30:00,Ios,Android,Call
1012,2009-01-11 13:00:00,Ios,Ios,Call
1366,2009-01-15 05:30:00,Ios,Android,Call
2746,2009-01-29 14:30:00,Ios,Android,Call
1030,2009-01-11 17:30:00,Ios,Ios,Message
1737,2009-01-19 02:15:00,Android,Android,Call
87,2009-01-01 21:45:00,Ios,Ios,Call
2626,2009-01-28 08:30:00,Ios,Ios,Message
1328,2009-01-14 20:00:00,Ios,Ios,Message
1756,2009-01-19 07:00:00,Ios,Android,Call
1018,2009-01-11 14:30:00,Ios,Android,Message
1850,2009-01-20 06:30:00,Ios,Ios,Call
1859,2009-01-20 08:45:00,Android,Ios,Message
876,2009-01-10 03:00:00,Android,Android,Call
444,2009-01-05 15:00:00,Ios,Android,Message
161,2009-01-02 16:15:00,Android,Android,Message
1837,2009-01-20 03:15:00,Ios,Ios,Call
249,2009-01-03 14:15:00,Android,Ios,Message
2594,2009-01-28 00:30:00,Android,Android,Call
980,2009-01-11 05:00:00,Ios,Android,Call
2203,2009-01-23 22:45:00,Android,Android,Call
1460,2009-01-16 05:00:00,Android,Ios,Message
1277,2009-01-14 07:15:00,Android,Ios,Message
173,2009-01-02 19:15:00,Android,Android,Call
1580,2009-01-17 11:00:00,Ios,Ios,Call
2635,2009-01-28 10:45:00,Ios,Ios,Call
1287,2009-01-14 09:45:00,Ios,Android,Call
822,2009-01-09 13:30:00,Ios,Ios,Call
2265,2009-01-24 14:15:00,Android,Ios,Call
665,2009-01-07 22:15:00,Ios,Android,Call
1512,2009-01-16 18:00:00,Ios,Android,Call
2480,2009-01-26 20:00:00,Android,Ios,Message
2580,2009-01-27 21:00:00,Ios,Android,Message
2486,2009-01-26 21:30:00,Ios,Android,Message
158,2009-01-02 15:30:00,Android,Android,Call
139,2009-01-02 10:45:00,Ios,Ios,Message
574,2009-01-06 23:30:00,Ios,Android,Message
1467,2009-01-16 06:45:00,Android,Ios,Call
2900,2009-01-31 05:00:00,Ios,Ios,Message
2742,2009-01-29 13:30:00,Android,Android,Call
2363,2009-01-25 14:45:00,Android,Android,Message
342,2009-01-04 13:30:00,Ios,Android,Message
792,2009-01-09 06:00:00,Ios,Android,Message
1000,2009-01-11 10:00:00,Ios,Android,Call
2584,2009-01-27 22:00:00,Android,Android,Message
441,2009-01-05 14:15:00,Ios,Ios,Call
789,2009-01-09 05:15:00,Ios,Android,Message
1513,2009-01-16 18:15:00,Android,Android,Call
535,2009-01-06 13:45:00,Ios,Android,Call
2090,2009-01-22 18:30:00,Android,Ios,Message
916,2009-01-10 13:00:00,Ios,Android,Message
2252,2009-01-24 11:00:00,Ios,Ios,Call
43,2009-01-01 10:45:00,Ios,Ios,Call
1385,2009-01-15 10:15:00,Android,Android,Message
2408,2009-01-26 02:00:00,Android,Ios,Message
80,2009-01-01 20:00:00,Android,Ios,Call
1539,2009-01-17 00:45:00,Ios,Ios,Message
270,2009-01-03 19:30:00,Ios,Ios,Call
1652,2009-01-18 05:00:00,Android,Android,Message
1832,2009-01-20 02:00:00,Android,Android,Call
475,2009-01-05 22:45:00,Ios,Ios,Call
532,2009-01-06 13:00:00,Ios,Android,Message
2725,2009-01-29 09:15:00,Android,Android,Call
2510,2009-01-27 03:30:00,Ios,Ios,Message
2876,2009-01-30 23:00:00,Ios,Android,Message
267,2009-01-03 18:45:00,Ios,Ios,Message
233,2009-01-03 10:15:00,Ios,Ios,Call
2201,2009-01-23 22:15:00,Ios,Ios,Message
2027,2009-01-22 02:45:00,Ios,Ios,Message
1427,2009-01-15 20:45:00,Ios,Ios,Message
287,2009-01-03 23:45:00,Android,Ios,Message
1091,2009-01-12 08:45:00,Ios,Ios,Message
733,2009-01-08 15:15:00,Ios,Android,Call
2451,2009-01-26 12:45:00,Android,Android,Call
512,2009-01-06 08:00:00,Ios,Ios,Message
810,2009-01-09 10:30:00,Android,Ios,Message
2119,2009-01-23 01:45:00,Ios,Android,Call
1939,2009-01-21 04:45:00,Ios,Ios,Message
815,2009-01-09 11:45:00,Ios,Android,Call
828,2009-01-09 15:00:00,Ios,Android,Call
2044,2009-01-22 07:00:00,Ios,Android,Message
279,2009-01-03 21:45:00,Android,Ios,Message
1994,2009-01-21 18:30:00,Ios,Ios,Message
250,2009-01-03 14:30:00,Android,Ios,Call
1457,2009-01-16 04:15:00,Ios,Android,Message
1848,2009-01-20 06:00:00,Android,Ios,Call
2789,2009-01-30 01:15:00,Ios,Android,Call
1886,2009-01-20 15:30:00,Ios,Android,Message
1045,2009-01-11 21:15:00,Android,Ios,Call
31,2009-01-01 07:45:00,Android,Ios,Call
2799,2009-01-30 03:45:00,Ios,Ios,Message
864,2009-01-10 00:00:00,Ios,Ios,Message
2829,2009-01-30 11:15:00,Android,Ios,Message
1665,2009-01-18 08:15:00,Ios,Ios,Call
1864,2009-01-20 10:00:00,Android,Ios,Call
1283,2009-01-14 08:45:00,Android,Ios,Call
842,2009-01-09 18:30:00,Ios,Android,Call
2289,2009-01-24 20:15:00,Android,Ios,Call
1300,2009-01-14 13:00:00,Ios,Ios,Call
2377,2009-01-25 18:15:00,Ios,Android,Message
2790,2009-01-30 01:30:00,Ios,Ios,Call
2884,2009-01-31 01:00:00,Ios,Android,Message
1846,2009-01-20 05:30:00,Android,Ios,Call
309,2009-01-04 05:15:00,Android,Android,Call
2622,2009-01-28 07:30:00,Ios,Android,Message
1525,2009-01-16 21:15:00,Ios,Ios,Call
490,2009-01-06 02:30:00,Ios,Android,Call
818,2009-01-09 12:30:00,Ios,Android,Message
1301,2009-01-14 13:15:00,Ios,Ios,Message
2324,2009-01-25 05:00:00,Ios,Android,Message
1989,2009-01-21 17:15:00,Android,Android,Call
1648,2009-01-18 04:00:00,Android,Ios,Call
2706,2009-01-29 04:30:00,Android,Ios,Call
2278,2009-01-24 17:30:00,Ios,Android,Message
1165,2009-01-13 03:15:00,Ios,Android,Message
892,2009-01-10 07:00:00,Ios,Ios,Message
2392,2009-01-25 22:00:00,Ios,Android,Call
1478,2009-01-16 09:30:00,Ios,Android,Call
2731,2009-01-29 10:45:00,Android,Ios,Message
1188,2009-01-13 09:00:00,Android,Ios,Message
1929,2009-01-21 02:15:00,Ios,Android,Message
1526,2009-01-16 21:30:00,Android,Ios,Message
521,2009-01-06 10:15:00,Android,Android,Message
2809,2009-01-30 06:15:00,Ios,Android,Message
393,2009-01-05 02:15:00,Ios,Ios,Call
77,2009-01-01 19:15:00,Ios,Ios,Message
262,2009-01-03 17:30:00,Android,Android,Message
1764,2009-01-19 09:00:00,Ios,Ios,Message
240,2009-01-03 12:00:00,Ios,Ios,Call
721,2009-01-08 12:15:00,Ios,Android,Message
1801,2009-01-19 18:15:00,Android,Ios,Message
1458,2009-01-16 04:30:00,Ios,Android,Call
1058,2009-01-12 00:30:00,Ios,Ios,Call
2808,2009-01-30 06:00:00,Ios,Android,Message
799,2009-01-09 07:45:00,Ios,Android,Call
2733,2009-01-29 11:15:00,Android,Ios,Message
2765,2009-01-29 19:15:00,Android,Android,Message
381,2009-01-04 23:15:00,Ios,Android,Call
2881,2009-01-31 00:15:00,Ios,Ios,Call
1533,2009-01-16 23:15:00,Ios,Android,Call
1474,2009-01-16 08:30:00,Android,Android,Call
1036,2009-01-11 19:00:00,Android,Android,Message
1210,2009-01-13 14:30:00,Android,Android,Message
2655,2009-01-28 15:45:00,Android,Android,Call
106,2009-01-02 02:30:00,Android,Ios,Call
85,2009-01-01 21:15:00,Android,Android,Call
1226,2009-01-13 18:30:00,Android,Ios,Message
1039,2009-01-11 19:45:00,Android,Android,Message
474,2009-01-05 22:30:00,Ios,Android,Call
1195,2009-01-13 10:45:00,Android,Android,Call
1142,2009-01-12 21:30:00,Ios,Ios,Call
2549,2009-01-27 13:15:00,Ios,Android,Message
2760,2009-01-29 18:00:00,Android,Android,Call
1767,2009-01-19 09:45:00,Ios,Ios,Call
1462,2009-01-16 05:30:00,Android,Android,Message
2670,2009-01-28 19:30:00,Android,Android,Call
633,2009-01-07 14:15:00,Ios,Ios,Message
1547,2009-01-17 02:45:00,Android,Ios,Message
629,2009-01-07 13:15:00,Ios,Android,Message
2180,2009-01-23 17:00:00,Android,Android,Call
2970,2009-01-31 22:30:00,Ios,Ios,Message
345,2009-01-04 14:15:00,Android,Ios,Call
2735,2009-01-29 11:45:00,Android,Ios,Message
2279,2009-01-24 17:45:00,Android,Ios,Call
1357,2009-01-15 03:15:00,Android,Android,Call
310,2009-01-04 05:30:00,Android,Android,Message
735,2009-01-08 15:45:00,Android,Ios,Message
187,2009-01-02 22:45:00,Android,Android,Call
1830,2009-01-20 01:30:00,Ios,Android,Call
2096,2009-01-22 20:00:00,Ios,Ios,Message
2966,2009-01-31 21:30:00,Ios,Ios,Message
415,2009-01-05 07:45:00,Ios,Ios,Message
516,2009-01-06 09:00:00,Ios,Android,Call
917,2009-01-10 13:15:00,Ios,Android,Call
344,2009-01-04 14:00:00,Ios,Android,Message
294,2009-01-04 01:30:00,Ios,Android,Call
1096,2009-01-12 10:00:00,Android,Android,Message
904,2009-01-10 10:00:00,Android,Android,Call
1856,2009-01-20 08:00:00,Ios,Android,Message
2889,2009-01-31 02:15:00,Android,Android,Call
2285,2009-01-24 19:15:00,Ios,Ios,Call
2212,2009-01-24 01:00:00,Ios,Ios,Message
2406,2009-01-26 01:30:00,Android,Ios,Call
1712,2009-01-18 20:00:00,Ios,Ios,Message
2216,2009-01-24 02:00:00,Ios,Ios,Call
1168,2009-01-13 04:00:00,Android,Ios,Message
1869,2009-01-20 11:15:00,Ios,Android,Message
1663,2009-01-18 07:45:00,Android,Ios,Call
2374,2009-01-25 17:30:00,Ios,Ios,Message
260,2009-01-03 17:00:00,Android,Ios,Call
832,2009-01-09 16:00:00,Ios,Ios,Message
2773,2009-01-29 21:15:00,Ios,Android,Message
1115,2009-01-12 14:45:00,Ios,Ios,Call
1895,2009-01-20 17:45:00,Android,Ios,Message
2530,2009-01-27 08:30:00,Ios,Android,Call
2001,2009-01-21 20:15:00,Ios,Android,Message
2737,2009-01-29 12:15:00,Ios,Ios,Message
2798,2009-01-30 03:30:00,Android,Ios,Call
2979,2009-02-01 00:45:00,Android,Ios,Call
1815,2009-01-19 21:45:00,Android,Ios,Message
2398,2009-01-25 23:30:00,Android,Ios,Call
2957,2009-01-31 19:15:00,Ios,Android,Call
2468,2009-01-26 17:00:00,Ios,Android,Message
2709,2009-01-29 05:15:00,Ios,Android,Message
2426,2009-01-26 06:30:00,Ios,Ios,Message
1393,2009-01-15 12:15:00,Ios,Android,Call
2402,2009-01-26 00:30:00,Ios,Ios,Message
2571,2009-01-27 18:45:00,Ios,Ios,Call
360,2009-01-04 18:00:00,Ios,Android,Call
2653,2009-01-28 15:15:00,Ios,Ios,Call
620,2009-01-07 11:00:00,Ios,Android,Call
2708,2009-01-29 05:00:00,Ios,Ios,Message
986,2009-01-11 06:30:00,Ios,Ios,Call
34,2009-01-01 08:30:00,Ios,Android,Message
690,2009-01-08 04:30:00,Android,Ios,Call
2673,2009-01-28 20:15:00,Android,Ios,Message
2209,2009-01-24 00:15:00,Android,Ios,Call
376,2009-01-04 22:00:00,Android,Android,Call
101,2009-01-02 01:15:00,Android,Android,Message
1521,2009-01-16 20:15:00,Android,Android,Call
2478,2009-01-26 19:30:00,Android,Android,Message
1749,2009-01-19 05:15:00,Ios,Android,Message
946,2009-01-10 20:30:00,Ios,Android,Call
2828,2009-01-30 11:00:00,Ios,Ios,Call
2677,2009-01-28 21:15:00,Android,Ios,Call
2072,2009-01-22 14:00:00,Android,Android,Message
506,2009-01-06 06:30:00,Ios,Ios,Call
1379,2009-01-15 08:45:00,Android,Android,Call
1205,2009-01-13 13:15:00,Android,Android,Call
61,2009-01-01 15:15:00,Android,Android,Message
1175,2009-01-13 05:45:00,Android,Ios,Message
2691,2009-01-29 00:45:00,Android,Ios,Call
1853,2009-01-20 07:15:00,Android,Android,Call
2660,2009-01-28 17:00:00,Ios,Android,Call
2395,2009-01-25 22:45:00,Ios,Android,Message
2816,2009-01-30 08:00:00,Android,Android,Message
1116,2009-01-12 15:00:00,Android,Android,Call
1808,2009-01-19 20:00:00,Ios,Ios,Call
519,2009-01-06 09:45:00,Ios,Android,Message
1549,2009-01-17 03:15:00,Ios,Ios,Message
2815,2009-01-30 07:45:00,Ios,Android,Message
2382,2009-01-25 19:30:00,Ios,Ios,Message
1945,2009-01-21 06:15:00,Ios,Android,Call
1948,2009-01-21 07:00:00,Ios,Ios,Call
72,2009-01-01 18:00:00,Android,Android,Message
2823,2009-01-30 09:45:00,Android,Android,Call
36,2009-01-01 09:00:00,Android,Ios,Call
2124,2009-01-23 03:00:00,Android,Ios,Message
1955,2009-01-21 08:45:00,Ios,Android,Call
1772,2009-01-19 11:00:00,Ios,Ios,Message
1504,2009-01-16 16:00:00,Android,Ios,Message
1982,2009-01-21 15:30:00,Ios,Android,Message
142,2009-01-02 11:30:00,Ios,Ios,Message
2253,2009-01-24 11:15:00,Ios,Ios,Message
2122,2009-01-23 02:30:00,Ios,Ios,Message
1968,2009-01-21 12:00:00,Android,Ios,Message
2534,2009-01-27 09:30:00,Android,Ios,Message
1836,2009-01-20 03:00:00,Ios,Android,Call
2672,2009-01-28 20:00:00,Ios,Android,Call
1192,2009-01-13 10:00:00,Android,Ios,Message
2527,2009-01-27 07:45:00,Android,Android,Message
1317,2009-01-14 17:15:00,Ios,Ios,Message
2210,2009-01-24 00:30:00,Ios,Android,Message
2577,2009-01-27 20:15:00,Android,Android,Message
1170,2009-01-13 04:30:00,Ios,Android,Call
1793,2009-01-19 16:15:00,Ios,Ios,Message
152,2009-01-02 14:00:00,Ios,Android,Message
2679,2009-01-28 21:45:00,Android,Android,Call
1448,2009-01-16 02:00:00,Android,Android,Call
2713,2009-01-29 06:15:00,Ios,Android,Message
1073,2009-01-12 04:15:00,Ios,Android,Message
42,2009-01-01 10:30:00,Android,Android,Call
2601,2009-01-28 02:15:00,Android,Ios,Message
5,2009-01-01 01:15:00,Ios,Android,Message
55,2009-01-01 13:45:00,Ios,Ios,Call
1544,2009-01-17 02:00:00,Android,Ios,Call
987,2009-01-11 06:45:00,Android,Android,Message
1067,2009-01-12 02:45:00,Ios,Ios,Call
1528,2009-01-16 22:00:00,Android,Ios,Call
511,2009-01-06 07:45:00,Ios,Android,Message
2848,2009-01-30 16:00:00,Ios,Android,Call
1335,2009-01-14 21:45:00,Android,Android,Message
2372,2009-01-25 17:00:00,Android,Android,Message
2250,2009-01-24 10:30:00,Ios,Android,Message
255,2009-01-03 15:45:00,Ios,Ios,Call
1279,2009-01-14 07:45:00,Android,Ios,Message
871,2009-01-10 01:45:00,Android,Android,Call
2347,2009-01-25 10:45:00,Ios,Android,Call
893,2009-01-10 07:15:00,Ios,Android,Call
1419,2009-01-15 18:45:00,Ios,Ios,Message
2179,2009-01-23 16:45:00,Ios,Android,Call
915,2009-01-10 12:45:00,Ios,Ios,Call
2772,2009-01-29 21:00:00,Android,Ios,Call
473,2009-01-05 22:15:00,Ios,Ios,Call
1693,2009-01-18 15:15:00,Ios,Android,Message
985,2009-01-11 06:15:00,Ios,Ios,Message
335,2009-01-04 11:45:00,Android,Android,Message
551,2009-01-06 17:45:00,Ios,Android,Call
1285,2009-01-14 09:15:00,Android,Android,Call
328,2009-01-04 10:00:00,Ios,Ios,Call
2501,2009-01-27 01:15:00,Ios,Android,Message
66,2009-01-01 16:30:00,Android,Ios,Call
1555,2009-01-17 04:45:00,Android,Ios,Message
718,2009-01-08 11:30:00,Android,Android,Call
1691,2009-01-18 14:45:00,Android,Android,Call
1715,2009-01-18 20:45:00,Ios,Android,Message
140,2009-01-02 11:00:00,Android,Android,Message
1097,2009-01-12 10:15:00,Android,Android,Call
1029,2009-01-11 17:15:00,Ios,Ios,Call
1082,2009-01-12 06:30:00,Ios,Ios,Call
1577,2009-01-17 10:15:00,Ios,Android,Call
2355,2009-01-25 12:45:00,Android,Ios,Call
2755,2009-01-29 16:45:00,Android,Android,Message
583,2009-01-07 01:45:00,Android,Ios,Message
2952,2009-01-31 18:00:00,Ios,Ios,Call
1647,2009-01-18 03:45:00,Ios,Ios,Call
2170,2009-01-23 14:30:00,Ios,Ios,Message
1610,2009-01-17 18:30:00,Ios,Android,Message
1119,2009-01-12 15:45:00,Ios,Android,Call
102,2009-01-02 01:30:00,Ios,Ios,Message
1702,2009-01-18 17:30:00,Android,Ios,Message
2424,2009-01-26 06:00:00,Android,Ios,Message
2694,2009-01-29 01:30:00,Ios,Ios,Call
1843,2009-01-20 04:45:00,Ios,Android,Call
278,2009-01-03 21:30:00,Android,Ios,Call
1758,2009-01-19 07:30:00,Android,Ios,Call
185,2009-01-02 22:15:00,Ios,Ios,Message
2114,2009-01-23 00:30:00,Android,Android,Message
1806,2009-01-19 19:30:00,Ios,Ios,Call
1193,2009-01-13 10:15:00,Android,Android,Message
1988,2009-01-21 17:00:00,Android,Android,Message
2847,2009-01-30 15:45:00,Android,Ios,Call
724,2009-01-08 13:00:00,Android,Ios,Call
2791,2009-01-30 01:45:00,Android,Android,Call
19,2009-01-01 04:45:00,Android,Ios,Message
1150,2009-01-12 23:30:00,Android,Android,Call
468,2009-01-05 21:00:00,Ios,Ios,Call
2899,2009-01-31 04:45:00,Android,Android,Message
54,2009-01-01 13:30:00,Android,Ios,Message
1213,2009-01-13 15:15:00,Android,Android,Message
2366,2009-01-25 15:30:00,Ios,Ios,Message
1088,2009-01-12 08:00:00,Android,Ios,Call
2537,2009-01-27 10:15:00,Ios,Ios,Message
2390,2009-01-25 21:30:00,Ios,Ios,Message
1949,2009-01-21 07:15:00,Ios,Ios,Message
2945,2009-01-31 16:15:00,Android,Ios,Call
1137,2009-01-12 20:15:00,Ios,Ios,Call
2103,2009-01-22 21:45:00,Android,Android,Call
750,2009-01-08 19:30:00,Ios,Ios,Message
2926,2009-01-31 11:30:00,Ios,Ios,Message
1126,2009-01-12 17:30:00,Ios,Android,Message
82,2009-01-01 20:30:00,Android,Android,Message
122,2009-01-02 06:30:00,Ios,Android,Call
2955,2009-01-31 18:45:00,Android,Ios,Call
2544,2009-01-27 12:00:00,Ios,Ios,Message
2879,2009-01-30 23:45:00,Ios,Ios,Message
2049,2009-01-22 08:15:00,Ios,Android,Call
2810,2009-01-30 06:30:00,Ios,Android,Call
2661,2009-01-28 17:15:00,Android,Ios,Message
1603,2009-01-17 16:45:00,Android,Ios,Message
2935,2009-01-31 13:45:00,Ios,Android,Call
1372,2009-01-15 07:00:00,Ios,Android,Message
1568,2009-01-17 08:00:00,Android,Ios,Message
689,2009-01-08 04:15:00,Android,Android,Call
1146,2009-01-12 22:30:00,Ios,Ios,Message
1069,2009-01-12 03:15:00,Ios,Android,Call
214,2009-01-03 05:30:00,Android,Android,Message
2533,2009-01-27 09:15:00,Ios,Android,Call
1840,2009-01-20 04:00:00,Android,Android,Message
2488,2009-01-26 22:00:00,Android,Ios,Message
1696,2009-01-18 16:00:00,Android,Ios,Message
2583,2009-01-27 21:45:00,Ios,Ios,Message
1322,2009-01-14 18:30:00,Android,Ios,Message
1076,2009-01-12 05:00:00,Android,Android,Call
796,2009-01-09 07:00:00,Ios,Android,Call
2378,2009-01-25 18:30:00,Android,Ios,Call
2581,2009-01-27 21:15:00,Ios,Ios,Message
2971,2009-01-31 22:45:00,Android,Android,Message
315,2009-01-04 06:45:00,Ios,Android,Message
2567,2009-01-27 17:45:00,Android,Ios,Call
159,2009-01-02 15:45:00,Ios,Ios,Call
2434,2009-01-26 08:30:00,Ios,Android,Message
318,2009-01-04 07:30:00,Ios,Ios,Message
717,2009-01-08 11:15:00,Android,Ios,Call
2522,2009-01-27 06:30:00,Android,Android,Call
2995,2009-02-01 04:45:00,Android,Ios,Call
190,2009-01-02 23:30:00,Android,Android,Call
598,2009-01-07 05:30:00,Android,Android,Call
978,2009-01-11 04:30:00,Ios,Ios,Message
1878,2009-01-20 13:30:00,Ios,Ios,Call
2477,2009-01-26 19:15:00,Ios,Android,Message
2166,2009-01-23 13:30:00,Ios,Android,Call
2302,2009-01-24 23:30:00,Android,Ios,Message
1717,2009-01-18 21:15:00,Android,Android,Call
2234,2009-01-24 06:30:00,Android,Android,Call
1639,2009-01-18 01:45:00,Ios,Android,Call
811,2009-01-09 10:45:00,Android,Android,Call
2205,2009-01-23 23:15:00,Ios,Ios,Message
534,2009-01-06 13:30:00,Ios,Ios,Call
2474,2009-01-26 18:30:00,Android,Android,Call
479,2009-01-05 23:45:00,Ios,Ios,Call
2972,2009-01-31 23:00:00,Android,Android,Call
2420,2009-01-26 05:00:00,Ios,Android,Message
974,2009-01-11 03:30:00,Android,Android,Call
2600,2009-01-28 02:00:00,Ios,Ios,Message
1295,2009-01-14 11:45:00,Ios,Ios,Call
726,2009-01-08 13:30:00,Android,Ios,Call
1540,2009-01-17 01:00:00,Android,Ios,Call
1421,2009-01-15 19:15:00,Ios,Ios,Message
2327,2009-01-25 05:45:00,Ios,Ios,Call
1358,2009-01-15 03:30:00,Android,Android,Message
1759,2009-01-19 07:45:00,Android,Ios,Message
2758,2009-01-29 17:30:00,Ios,Ios,Call
1632,2009-01-18 00:00:00,Ios,Android,Message
1977,2009-01-21 14:15:00,Android,Ios,Message
2698,2009-01-29 02:30:00,Ios,Ios,Call
2297,2009-01-24 22:15:00,Android,Android,Message
1008,2009-01-11 12:00:00,Android,Android,Call
2608,2009-01-28 04:00:00,Android,Android,Call
1228,2009-01-13 19:00:00,Ios,Android,Call
408,2009-01-05 06:00:00,Ios,Ios,Message
434,2009-01-05 12:30:00,Ios,Ios,Message
1957,2009-01-21 09:15:00,Ios,Android,Message
219,2009-01-03 06:45:00,Ios,Ios,Call
383,2009-01-04 23:45:00,Android,Android,Call
2759,2009-01-29 17:45:00,Ios,Android,Call
272,2009-01-03 20:00:00,Ios,Android,Message
88,2009-01-01 22:00:00,Android,Ios,Message
2137,2009-01-23 06:15:00,Ios,Ios,Call
813,2009-01-09 11:15:00,Ios,Ios,Message
866,2009-01-10 00:30:00,Android,Android,Message
1785,2009-01-19 14:15:00,Android,Android,Message
2796,2009-01-30 03:00:00,Android,Ios,Call
268,2009-01-03 19:00:00,Ios,Android,Call
481,2009-01-06 00:15:00,Android,Android,Call
1567,2009-01-17 07:45:00,Android,Android,Call
561,2009-01-06 20:15:00,Ios,Android,Call
2869,2009-01-30 21:15:00,Android,Ios,Call
205,2009-01-03 03:15:00,Ios,Android,Message
2414,2009-01-26 03:30:00,Android,Ios,Call
1516,2009-01-16 19:00:00,Ios,Ios,Call
2055,2009-01-22 09:45:00,Android,Ios,Call
1428,2009-01-15 21:00:00,Android,Android,Call
1382,2009-01-15 09:30:00,Android,Android,Call
2587,2009-01-27 22:45:00,Android,Ios,Call
347,2009-01-04 14:45:00,Android,Ios,Message
2198,2009-01-23 21:30:00,Ios,Android,Message
1145,2009-01-12 22:15:00,Ios,Android,Message
658,2009-01-07 20:30:00,Ios,Android,Message
590,2009-01-07 03:30:00,Android,Android,Message
1845,2009-01-20 05:15:00,Ios,Android,Call
1593,2009-01-17 14:15:00,Android,Ios,Message
89,2009-01-01 22:15:00,Ios,Android,Call
1974,2009-01-21 13:30:00,Ios,Ios,Call
644,2009-01-07 17:00:00,Ios,Android,Call
760,2009-01-08 22:00:00,Android,Android,Call
1050,2009-01-11 22:30:00,Ios,Android,Message
177,2009-01-02 20:15:00,Ios,Android,Call
823,2009-01-09 13:45:00,Ios,Ios,Call
1543,2009-01-17 01:45:00,Ios,Ios,Call
1234,2009-01-13 20:30:00,Ios,Ios,Message
2063,2009-01-22 11:45:00,Ios,Ios,Message
2669,2009-01-28 19:15:00,Android,Android,Call
1117,2009-01-12 15:15:00,Android,Android,Call
2109,2009-01-22 23:15:00,Android,Android,Call
1520,2009-01-16 20:00:00,Ios,Android,Message
2312,2009-01-25 02:00:00,Ios,Ios,Message
2849,2009-01-30 16:15:00,Android,Android,Message
2293,2009-01-24 21:15:00,Ios,Android,Message
785,2009-01-09 04:15:00,Ios,Ios,Message
2,2009-01-01 00:30:00,Android,Ios,Message
1658,2009-01-18 06:30:00,Ios,Android,Call
2243,2009-01-24 08:45:00,Ios,Ios,Message
108,2009-01-02 03:00:00,Ios,Android,Message
2625,2009-01-28 08:15:00,Ios,Android,Call
1666,2009-01-18 08:30:00,Ios,Ios,Message
2202,2009-01-23 22:30:00,Android,Android,Message
171,2009-01-02 18:45:00,Android,Ios,Call
412,2009-01-05 07:00:00,Ios,Ios,Message
2178,2009-01-23 16:30:00,Android,Ios,Call
416,2009-01-05 08:00:00,Ios,Ios,Call
1367,2009-01-15 05:45:00,Ios,Android,Message
2903,2009-01-31 05:45:00,Ios,Android,Call
1294,2009-01-14 11:30:00,Ios,Android,Call
2108,2009-01-22 23:00:00,Android,Ios,Message
2645,2009-01-28 13:15:00,Ios,Android,Call
2030,2009-01-22 03:30:00,Android,Android,Call
364,2009-01-04 19:00:00,Ios,Android,Call
2928,2009-01-31 12:00:00,Ios,Android,Message
2407,2009-01-26 01:45:00,Ios,Android,Message
2934,2009-01-31 13:30:00,Ios,Ios,Call
740,2009-01-08 17:00:00,Ios,Ios,Call
73,2009-01-01 18:15:00,Ios,Android,Message
2842,2009-01-30 14:30:00,Ios,Android,Call
2394,2009-01-25 22:30:00,Android,Ios,Message
1884,2009-01-20 15:00:00,Ios,Ios,Message
1817,2009-01-19 22:15:00,Android,Ios,Message
312,2009-01-04 06:00:00,Android,Android,Call
2025,2009-01-22 02:15:00,Ios,Ios,Message
856,2009-01-09 22:00:00,Android,Android,Call
378,2009-01-04 22:30:00,Ios,Android,Call
1739,2009-01-19 02:45:00,Ios,Android,Message
1492,2009-01-16 13:00:00,Android,Android,Call
154,2009-01-02 14:30:00,Android,Android,Message
1216,2009-01-13 16:00:00,Ios,Android,Message
772,2009-01-09 01:00:00,Android,Android,Call
2241,2009-01-24 08:15:00,Android,Android,Call
2612,2009-01-28 05:00:00,Android,Android,Message
2165,2009-01-23 13:15:00,Ios,Android,Message
2054,2009-01-22 09:30:00,Android,Android,Call
930,2009-01-10 16:30:00,Ios,Ios,Message
2213,2009-01-24 01:15:00,Ios,Ios,Message
2500,2009-01-27 01:00:00,Android,Ios,Call
308,2009-01-04 05:00:00,Android,Ios,Call
1001,2009-01-11 10:15:00,Ios,Android,Call
2005,2009-01-21 21:15:00,Ios,Ios,Call
143,2009-01-02 11:45:00,Android,Ios,Message
965,2009-01-11 01:15:00,Ios,Android,Message
2192,2009-01-23 20:00:00,Android,Android,Call
1080,2009-01-12 06:00:00,Android,Android,Call
1405,2009-01-15 15:15:00,Ios,Ios,Call
632,2009-01-07 14:00:00,Android,Android,Message
1456,2009-01-16 04:00:00,Android,Android,Message
1678,2009-01-18 11:30:00,Ios,Android,Message
2483,2009-01-26 20:45:00,Android,Android,Call
955,2009-01-10 22:45:00,Android,Android,Call
1757,2009-01-19 07:15:00,Ios,Ios,Message
2514,2009-01-27 04:30:00,Ios,Ios,Message
2000,2009-01-21 20:00:00,Android,Ios,Call
178,2009-01-02 20:30:00,Android,Android,Message
498,2009-01-06 04:30:00,Android,Ios,Call
340,2009-01-04 13:00:00,Ios,Ios,Message
1670,2009-01-18 09:30:00,Ios,Android,Message
484,2009-01-06 01:00:00,Ios,Android,Message
1669,2009-01-18 09:15:00,Android,Android,Call
2369,2009-01-25 16:15:00,Ios,Ios,Call
198,2009-01-03 01:30:00,Android,Ios,Message
2766,2009-01-29 19:30:00,Android,Android,Call
2092,2009-01-22 19:00:00,Android,Android,Message
2306,2009-01-25 00:30:00,Ios,Ios,Message
2640,2009-01-28 12:00:00,Android,Ios,Message
1166,2009-01-13 03:30:00,Android,Android,Call
2043,2009-01-22 06:45:00,Ios,Ios,Call
1220,2009-01-13 17:00:00,Android,Ios,Message
2943,2009-01-31 15:45:00,Android,Ios,Call
1339,2009-01-14 22:45:00,Android,Android,Call
2433,2009-01-26 08:15:00,Android,Android,Call
759,2009-01-08 21:45:00,Ios,Ios,Message
170,2009-01-02 18:30:00,Android,Ios,Call
1597,2009-01-17 15:15:00,Android,Android,Call
1356,2009-01-15 03:00:00,Android,Android,Message
773,2009-01-09 01:15:00,Android,Ios,Call
1673,2009-01-18 10:15:00,Android,Ios,Call
2365,2009-01-25 15:15:00,Android,Ios,Call
2568,2009-01-27 18:00:00,Ios,Android,Call
2494,2009-01-26 23:30:00,Ios,Ios,Message
1598,2009-01-17 15:30:00,Android,Ios,Call
992,2009-01-11 08:00:00,Android,Android,Message
45,2009-01-01 11:15:00,Ios,Ios,Call
2052,2009-01-22 09:00:00,Android,Ios,Call
467,2009-01-05 20:45:00,Ios,Android,Call
2111,2009-01-22 23:45:00,Ios,Android,Message
1969,2009-01-21 12:15:00,Ios,Android,Message
2225,2009-01-24 04:15:00,Ios,Android,Message
2189,2009-01-23 19:15:00,Android,Ios,Message
2939,2009-01-31 14:45:00,Android,Android,Message
1496,2009-01-16 14:00:00,Android,Android,Call
319,2009-01-04 07:45:00,Ios,Android,Call
184,2009-01-02 22:00:00,Android,Ios,Call
2329,2009-01-25 06:15:00,Ios,Ios,Call
1888,2009-01-20 16:00:00,Ios,Ios,Call
304,2009-01-04 04:00:00,Ios,Android,Call
1784,2009-01-19 14:00:00,Android,Android,Message
2156,2009-01-23 11:00:00,Ios,Ios,Call
1855,2009-01-20 07:45:00,Android,Ios,Call
839,2009-01-09 17:45:00,Ios,Android,Message
2954,2009-01-31 18:30:00,Android,Android,Call
2504,2009-01-27 02:00:00,Ios,Android,Call
744,2009-01-08 18:00:00,Android,Android,Call
539,2009-01-06 14:45:00,Android,Ios,Call
1154,2009-01-13 00:30:00,Android,Android,Call
1642,2009-01-18 02:30:00,Ios,Android,Message
801,2009-01-09 08:15:00,Ios,Android,Message
2695,2009-01-29 01:45:00,Ios,Android,Message
1135,2009-01-12 19:45:00,Ios,Android,Call
2734,2009-01-29 11:30:00,Android,Android,Call
1422,2009-01-15 19:30:00,Ios,Ios,Call
210,2009-01-03 04:30:00,Android,Android,Message
2067,2009-01-22 12:45:00,Android,Android,Message
2018,2009-01-22 00:30:00,Android,Android,Message
65,2009-01-01 16:15:00,Android,Android,Call
863,2009-01-09 23:45:00,Android,Android,Call
2967,2009-01-31 21:45:00,Android,Android,Call
2033,2009-01-22 04:15:00,Ios,Ios,Call
203,2009-01-03 02:45:00,Android,Android,Call
1132,2009-01-12 19:00:00,Ios,Android,Call
1820,2009-01-19 23:00:00,Ios,Ios,Call
1021,2009-01-11 15:15:00,Android,Android,Call
2716,2009-01-29 07:00:00,Ios,Android,Message
1026,2009-01-11 16:30:00,Ios,Android,Call
2609,2009-01-28 04:15:00,Ios,Ios,Call
341,2009-01-04 13:15:00,Ios,Android,Call
2307,2009-01-25 00:45:00,Android,Android,Message
875,2009-01-10 02:45:00,Android,Ios,Call
1506,2009-01-16 16:30:00,Android,Ios,Message
1120,2009-01-12 16:00:00,Android,Android,Call
372,2009-01-04 21:00:00,Android,Android,Message
576,2009-01-07 00:00:00,Ios,Ios,Message
942,2009-01-10 19:30:00,Android,Ios,Call
211,2009-01-03 04:45:00,Ios,Ios,Call
520,2009-01-06 10:00:00,Android,Ios,Call
1475,2009-01-16 08:45:00,Android,Android,Message
939,2009-01-10 18:45:00,Android,Ios,Message
889,2009-01-10 06:15:00,Ios,Ios,Call
1258,2009-01-14 02:30:00,Android,Android,Call
2585,2009-01-27 22:15:00,Android,Android,Call
1959,2009-01-21 09:45:00,Android,Ios,Message
2236,2009-01-24 07:00:00,Android,Ios,Call
1325,2009-01-14 19:15:00,Android,Ios,Message
354,2009-01-04 16:30:00,Android,Ios,Message
2578,2009-01-27 20:30:00,Ios,Android,Message
96,2009-01-02 00:00:00,Android,Ios,Call
1791,2009-01-19 15:45:00,Android,Android,Call
2470,2009-01-26 17:30:00,Ios,Ios,Message
1644,2009-01-18 03:00:00,Android,Android,Call
589,2009-01-07 03:15:00,Ios,Android,Message
2013,2009-01-21 23:15:00,Ios,Android,Call
1689,2009-01-18 14:15:00,Ios,Android,Message
2756,2009-01-29 17:00:00,Ios,Ios,Message
129,2009-01-02 08:15:00,Android,Ios,Message
513,2009-01-06 08:15:00,Android,Ios,Call
71,2009-01-01 17:45:00,Ios,Ios,Message
1635,2009-01-18 00:45:00,Android,Ios,Message
2905,2009-01-31 06:15:00,Ios,Android,Message
2442,2009-01-26 10:30:00,Ios,Android,Call
2379,2009-01-25 18:45:00,Ios,Ios,Call
1507,2009-01-16 16:45:00,Android,Ios,Call
2495,2009-01-26 23:45:00,Android,Android,Message
2545,2009-01-27 12:15:00,Ios,Ios,Message
370,2009-01-04 20:30:00,Android,Ios,Message
456,2009-01-05 18:00:00,Android,Android,Call
725,2009-01-08 13:15:00,Android,Android,Call
68,2009-01-01 17:00:00,Android,Ios,Call
2245,2009-01-24 09:15:00,Android,Ios,Message
1268,2009-01-14 05:00:00,Ios,Android,Message
1794,2009-01-19 16:30:00,Android,Ios,Message
881,2009-01-10 04:15:00,Android,Android,Message
1947,2009-01-21 06:45:00,Android,Android,Call
231,2009-01-03 09:45:00,Android,Ios,Message
377,2009-01-04 22:15:00,Ios,Ios,Message
2428,2009-01-26 07:00:00,Ios,Ios,Message
862,2009-01-09 23:30:00,Android,Ios,Message
432,2009-01-05 12:00:00,Android,Ios,Call
2517,2009-01-27 05:15:00,Ios,Android,Message
2228,2009-01-24 05:00:00,Android,Android,Message
1751,2009-01-19 05:45:00,Android,Ios,Message
1928,2009-01-21 02:00:00,Android,Ios,Message
994,2009-01-11 08:30:00,Ios,Android,Call
301,2009-01-04 03:15:00,Ios,Android,Message
1992,2009-01-21 18:00:00,Android,Ios,Call
1378,2009-01-15 08:30:00,Android,Ios,Call
1591,2009-01-17 13:45:00,Ios,Ios,Call
1143,2009-01-12 21:45:00,Android,Android,Message
2110,2009-01-22 23:30:00,Ios,Ios,Call
172,2009-01-02 19:00:00,Android,Android,Call
1679,2009-01-18 11:45:00,Ios,Android,Call
2485,2009-01-26 21:15:00,Ios,Android,Message
1248,2009-01-14 00:00:00,Android,Ios,Message
814,2009-01-09 11:30:00,Ios,Android,Call
208,2009-01-03 04:00:00,Ios,Android,Call
218,2009-01-03 06:30:00,Android,Ios,Call
948,2009-01-10 21:00:00,Ios,Android,Message
16,2009-01-01 04:00:00,Android,Ios,Call
2271,2009-01-24 15:45:00,Ios,Ios,Message
367,2009-01-04 19:45:00,Android,Android,Message
1406,2009-01-15 15:30:00,Android,Ios,Message
1128,2009-01-12 18:00:00,Ios,Android,Call
884,2009-01-10 05:00:00,Ios,Android,Call
1319,2009-01-14 17:45:00,Ios,Android,Message
1388,2009-01-15 11:00:00,Android,Android,Message
2675,2009-01-28 20:45:00,Ios,Android,Message
2793,2009-01-30 02:15:00,Ios,Ios,Call
2888,2009-01-31 02:00:00,Ios,Ios,Message
2614,2009-01-28 05:30:00,Android,Ios,Message
2443,2009-01-26 10:45:00,Ios,Ios,Message
1936,2009-01-21 04:00:00,Ios,Ios,Call
394,2009-01-05 02:30:00,Android,Ios,Message
2319,2009-01-25 03:45:00,Ios,Android,Message
1624,2009-01-17 22:00:00,Android,Ios,Call
984,2009-01-11 06:00:00,Android,Ios,Message
2632,2009-01-28 10:00:00,Android,Ios,Message
542,2009-01-06 15:30:00,Ios,Android,Call
803,2009-01-09 08:45:00,Ios,Ios,Message
677,2009-01-08 01:15:00,Android,Android,Message
406,2009-01-05 05:30:00,Android,Ios,Call
1459,2009-01-16 04:45:00,Android,Android,Call
2016,2009-01-22 00:00:00,Android,Android,Call
1819,2009-01-19 22:45:00,Android,Android,Message
552,2009-01-06 18:00:00,Ios,Ios,Call
362,2009-01-04 18:30:00,Android,Ios,Message
549,2009-01-06 17:15:00,Android,Android,Message
970,2009-01-11 02:30:00,Android,Ios,Message
2835,2009-01-30 12:45:00,Android,Ios,Message
38,2009-01-01 09:30:00,Ios,Android,Message
940,2009-01-10 19:00:00,Android,Ios,Message
81,2009-01-01 20:15:00,Ios,Android,Call
2779,2009-01-29 22:45:00,Android,Android,Call
788,2009-01-09 05:00:00,Android,Android,Call
1730,2009-01-19 00:30:00,Android,Ios,Message
2805,2009-01-30 05:15:00,Android,Ios,Call
877,2009-01-10 03:15:00,Android,Android,Call
355,2009-01-04 16:45:00,Android,Android,Message
1676,2009-01-18 11:00:00,Android,Ios,Call
1559,2009-01-17 05:45:00,Ios,Ios,Message
1299,2009-01-14 12:45:00,Ios,Ios,Call
2937,2009-01-31 14:15:00,Ios,Android,Call
2487,2009-01-26 21:45:00,Android,Android,Message
2035,2009-01-22 04:45:00,Ios,Android,Call
2961,2009-01-31 20:15:00,Android,Android,Message
642,2009-01-07 16:30:00,Ios,Android,Message
1958,2009-01-21 09:30:00,Ios,Ios,Message
554,2009-01-06 18:30:00,Android,Android,Call
2821,2009-01-30 09:15:00,Ios,Android,Call
693,2009-01-08 05:15:00,Ios,Android,Call
2233,2009-01-24 06:15:00,Android,Android,Message
2643,2009-01-28 12:45:00,Ios,Ios,Call
2482,2009-01-26 20:30:00,Ios,Ios,Call
649,2009-01-07 18:15:00,Ios,Ios,Call
1944,2009-01-21 06:00:00,Ios,Android,Message
2479,2009-01-26 19:45:00,Android,Ios,Message
1223,2009-01-13 17:45:00,Android,Ios,Message
420,2009-01-05 09:00:00,Android,Android,Message
593,2009-01-07 04:15:00,Ios,Android,Message
559,2009-01-06 19:45:00,Ios,Android,Call
339,2009-01-04 12:45:00,Android,Android,Call
1972,2009-01-21 13:00:00,Ios,Android,Call
1089,2009-01-12 08:15:00,Android,Ios,Message
2667,2009-01-28 18:45:00,Android,Android,Message
706,2009-01-08 08:30:00,Ios,Ios,Call
2715,2009-01-29 06:45:00,Android,Android,Call
2134,2009-01-23 05:30:00,Ios,Ios,Message
2194,2009-01-23 20:30:00,Ios,Ios,Message
2605,2009-01-28 03:15:00,Android,Ios,Message
1802,2009-01-19 18:30:00,Android,Ios,Call
1444,2009-01-16 01:00:00,Android,Android,Message
2936,2009-01-31 14:00:00,Android,Android,Message
960,2009-01-11 00:00:00,Android,Android,Call
1265,2009-01-14 04:15:00,Ios,Android,Call
1164,2009-01-13 03:00:00,Ios,Android,Call
371,2009-01-04 20:45:00,Android,Ios,Call
2649,2009-01-28 14:15:00,Ios,Android,Message
2097,2009-01-22 20:15:00,Ios,Ios,Call
2075,2009-01-22 14:45:00,Android,Ios,Call
1493,2009-01-16 13:15:00,Android,Ios,Message
1575,2009-01-17 09:45:00,Android,Ios,Message
1694,2009-01-18 15:30:00,Ios,Ios,Call
1484,2009-01-16 11:00:00,Android,Android,Call
1786,2009-01-19 14:30:00,Android,Ios,Call
500,2009-01-06 05:00:00,Android,Ios,Message
147,2009-01-02 12:45:00,Android,Android,Message
1858,2009-01-20 08:30:00,Android,Ios,Message
258,2009-01-03 16:30:00,Android,Android,Message
2056,2009-01-22 10:00:00,Android,Ios,Call
769,2009-01-09 00:15:00,Ios,Ios,Message
13,2009-01-01 03:15:00,Android,Android,Call
635,2009-01-07 14:45:00,Android,Android,Call
1892,2009-01-20 17:00:00,Ios,Android,Call
2133,2009-01-23 05:15:00,Ios,Android,Message
1296,2009-01-14 12:00:00,Ios,Android,Message
114,2009-01-02 04:30:00,Ios,Android,Call
1816,2009-01-19 22:00:00,Ios,Ios,Message
1594,2009-01-17 14:30:00,Ios,Android,Call
957,2009-01-10 23:15:00,Ios,Ios,Message
2867,2009-01-30 20:45:00,Android,Android,Message
241,2009-01-03 12:15:00,Android,Android,Call
541,2009-01-06 15:15:00,Ios,Android,Message
1354,2009-01-15 02:30:00,Ios,Ios,Message
1770,2009-01-19 10:30:00,Android,Android,Message
679,2009-01-08 01:45:00,Ios,Android,Message
2992,2009-02-01 04:00:00,Ios,Ios,Message
56,2009-01-01 14:00:00,Android,Ios,Message
1252,2009-01-14 01:00:00,Android,Ios,Message
2870,2009-01-30 21:30:00,Ios,Ios,Call
2795,2009-01-30 02:45:00,Android,Ios,Call
435,2009-01-05 12:45:00,Android,Android,Call
2249,2009-01-24 10:15:00,Ios,Android,Call
1057,2009-01-12 00:15:00,Ios,Android,Call
2917,2009-01-31 09:15:00,Android,Ios,Call
155,2009-01-02 14:45:00,Ios,Ios,Call
2699,2009-01-29 02:45:00,Ios,Android,Message
2996,2009-02-01 05:00:00,Ios,Android,Message
1361,2009-01-15 04:15:00,Ios,Ios,Call
1016,2009-01-11 14:00:00,Ios,Android,Call
60,2009-01-01 15:00:00,Ios,Ios,Message
29,2009-01-01 07:15:00,Android,Ios,Message
782,2009-01-09 03:30:00,Android,Android,Call
35,2009-01-01 08:45:00,Android,Ios,Message
2613,2009-01-28 05:15:00,Android,Android,Message
1446,2009-01-16 01:30:00,Android,Android,Call
1171,2009-01-13 04:45:00,Ios,Android,Call
1650,2009-01-18 04:30:00,Android,Ios,Call
1310,2009-01-14 15:30:00,Android,Ios,Call
1060,2009-01-12 01:00:00,Android,Ios,Call
358,2009-01-04 17:30:00,Android,Android,Call
1123,2009-01-12 16:45:00,Android,Android,Message
499,2009-01-06 04:45:00,Android,Ios,Message
2630,2009-01-28 09:30:00,Ios,Android,Message
2427,2009-01-26 06:45:00,Ios,Android,Call
524,2009-01-06 11:00:00,Android,Android,Message
1200,2009-01-13 12:00:00,Android,Ios,Message
737,2009-01-08 16:15:00,Ios,Android,Call
50,2009-01-01 12:30:00,Android,Android,Call
265,2009-01-03 18:15:00,Android,Ios,Call
2880,2009-01-31 00:00:00,Ios,Android,Message
1585,2009-01-17 12:15:00,Android,Android,Call
1664,2009-01-18 08:00:00,Android,Ios,Call
1315,2009-01-14 16:45:00,Android,Ios,Call
1518,2009-01-16 19:30:00,Android,Ios,Call
2060,2009-01-22 11:00:00,Android,Android,Message
2345,2009-01-25 10:15:00,Ios,Ios,Message
2143,2009-01-23 07:45:00,Android,Android,Message
2802,2009-01-30 04:30:00,Android,Android,Call
336,2009-01-04 12:00:00,Android,Ios,Call
548,2009-01-06 17:00:00,Ios,Android,Call
2356,2009-01-25 13:00:00,Android,Ios,Call
1156,2009-01-13 01:00:00,Ios,Android,Message
887,2009-01-10 05:45:00,Ios,Ios,Message
1721,2009-01-18 22:15:00,Android,Android,Call
2916,2009-01-31 09:00:00,Ios,Android,Call
494,2009-01-06 03:30:00,Android,Ios,Call
580,2009-01-07 01:00:00,Ios,Ios,Message
2246,2009-01-24 09:30:00,Ios,Ios,Message
2569,2009-01-27 18:15:00,Android,Ios,Call
431,2009-01-05 11:45:00,Android,Android,Message
1189,2009-01-13 09:15:00,Android,Android,Message
1229,2009-01-13 19:15:00,Android,Ios,Message
2449,2009-01-26 12:15:00,Android,Android,Message
2447,2009-01-26 11:45:00,Android,Ios,Call
212,2009-01-03 05:00:00,Android,Android,Message
2275,2009-01-24 16:45:00,Ios,Ios,Message
1064,2009-01-12 02:00:00,Android,Ios,Message
1245,2009-01-13 23:15:00,Android,Ios,Message
75,2009-01-01 18:45:00,Ios,Ios,Call
2396,2009-01-25 23:00:00,Ios,Ios,Call
1748,2009-01-19 05:00:00,Android,Ios,Call
1312,2009-01-14 16:00:00,Ios,Ios,Message
2712,2009-01-29 06:00:00,Android,Ios,Message
1031,2009-01-11 17:45:00,Ios,Android,Call
2998,2009-02-01 05:30:00,Ios,Ios,Message
247,2009-01-03 13:45:00,Ios,Android,Call
1595,2009-01-17 14:45:00,Ios,Android,Message
1680,2009-01-18 12:00:00,Ios,Android,Call
2172,2009-01-23 15:00:00,Ios,Android,Message
1500,2009-01-16 15:00:00,Ios,Android,Message
1918,2009-01-20 23:30:00,Android,Android,Message
1919,2009-01-20 23:45:00,Ios,Ios,Message
186,2009-01-02 22:30:00,Ios,Android,Call
2116,2009-01-23 01:00:00,Ios,Ios,Call
668,2009-01-07 23:00:00,Android,Android,Message
2529,2009-01-27 08:15:00,Ios,Ios,Call
1336,2009-01-14 22:00:00,Ios,Ios,Call
8,2009-01-01 02:00:00,Android,Android,Message
2073,2009-01-22 14:15:00,Ios,Android,Message
1622,2009-01-17 21:30:00,Ios,Android,Call
1979,2009-01-21 14:45:00,Ios,Ios,Message
2125,2009-01-23 03:15:00,Android,Android,Message
1075,2009-01-12 04:45:00,Ios,Ios,Message
2188,2009-01-23 19:00:00,Android,Ios,Message
631,2009-01-07 13:45:00,Android,Ios,Call
293,2009-01-04 01:15:00,Ios,Ios,Message
1781,2009-01-19 13:15:00,Ios,Android,Message
2204,2009-01-23 23:00:00,Ios,Ios,Message
1655,2009-01-18 05:45:00,Android,Ios,Message
1105,2009-01-12 12:15:00,Android,Ios,Message
32,2009-01-01 08:00:00,Ios,Ios,Call
134,2009-01-02 09:30:00,Android,Android,Call
1124,2009-01-12 17:00:00,Android,Ios,Message
2162,2009-01-23 12:30:00,Android,Android,Message
445,2009-01-05 15:15:00,Ios,Android,Call
1668,2009-01-18 09:00:00,Ios,Ios,Message
226,2009-01-03 08:30:00,Android,Android,Call
464,2009-01-05 20:00:00,Ios,Android,Call
455,2009-01-05 17:45:00,Android,Android,Call
2682,2009-01-28 22:30:00,Android,Android,Message
2965,2009-01-31 21:15:00,Ios,Android,Message
2131,2009-01-23 04:45:00,Android,Ios,Call
999,2009-01-11 09:45:00,Android,Android,Message
2128,2009-01-23 04:00:00,Android,Android,Message
1681,2009-01-18 12:15:00,Ios,Ios,Call
2317,2009-01-25 03:15:00,Android,Ios,Call
1809,2009-01-19 20:15:00,Android,Android,Call
752,2009-01-08 20:00:00,Ios,Android,Message
2913,2009-01-31 08:15:00,Android,Ios,Call
1946,2009-01-21 06:30:00,Android,Ios,Call
2455,2009-01-26 13:45:00,Android,Android,Call
533,2009-01-06 13:15:00,Android,Android,Message
243,2009-01-03 12:45:00,Android,Android,Call
1704,2009-01-18 18:00:00,Android,Android,Call
401,2009-01-05 04:15:00,Ios,Ios,Message
2032,2009-01-22 04:00:00,Ios,Ios,Message
1984,2009-01-21 16:00:00,Ios,Ios,Call
1495,2009-01-16 13:45:00,Ios,Ios,Call
585,2009-01-07 02:15:00,Android,Android,Call
244,2009-01-03 13:00:00,Ios,Ios,Call
2337,2009-01-25 08:15:00,Android,Ios,Message
2658,2009-01-28 16:30:00,Android,Ios,Message
1340,2009-01-14 23:00:00,Android,Ios,Call
1501,2009-01-16 15:15:00,Android,Ios,Call
450,2009-01-05 16:30:00,Android,Ios,Message
1227,2009-01-13 18:45:00,Android,Android,Message
1182,2009-01-13 07:30:00,Ios,Android,Call
2340,2009-01-25 09:00:00,Ios,Ios,Call
2315,2009-01-25 02:45:00,Android,Ios,Message
471,2009-01-05 21:45:00,Android,Android,Message
2184,2009-01-23 18:00:00,Ios,Android,Call
2719,2009-01-29 07:45:00,Ios,Android,Message
2586,2009-01-27 22:30:00,Ios,Android,Message
1674,2009-01-18 10:30:00,Android,Android,Message
2864,2009-01-30 20:00:00,Android,Android,Message
1787,2009-01-19 14:45:00,Ios,Ios,Message
1833,2009-01-20 02:15:00,Ios,Ios,Call
611,2009-01-07 08:45:00,Android,Ios,Call
1407,2009-01-15 15:45:00,Ios,Android,Call
2909,2009-01-31 07:15:00,Android,Android,Call
2303,2009-01-24 23:45:00,Android,Android,Message
2330,2009-01-25 06:30:00,Ios,Ios,Message
2104,2009-01-22 22:00:00,Android,Android,Call
2438,2009-01-26 09:30:00,Ios,Ios,Message
2094,2009-01-22 19:30:00,Android,Ios,Message
1218,2009-01-13 16:30:00,Ios,Android,Call
1776,2009-01-19 12:00:00,Android,Ios,Message
1498,2009-01-16 14:30:00,Android,Android,Call
2628,2009-01-28 09:00:00,Ios,Android,Call
1729,2009-01-19 00:15:00,Android,Ios,Call
540,2009-01-06 15:00:00,Android,Android,Call
110,2009-01-02 03:30:00,Ios,Android,Call
1631,2009-01-17 23:45:00,Ios,Android,Message
510,2009-01-06 07:30:00,Android,Ios,Message
1613,2009-01-17 19:15:00,Android,Ios,Message
1995,2009-01-21 18:45:00,Ios,Ios,Call
2868,2009-01-30 21:00:00,Ios,Ios,Message
2045,2009-01-22 07:15:00,Ios,Ios,Message
1719,2009-01-18 21:45:00,Ios,Android,Call
1607,2009-01-17 17:45:00,Android,Android,Call
2346,2009-01-25 10:30:00,Android,Ios,Message
78,2009-01-01 19:30:00,Ios,Ios,Call
2984,2009-02-01 02:00:00,Ios,Ios,Message
1996,2009-01-21 19:00:00,Android,Android,Message
313,2009-01-04 06:15:00,Android,Android,Call
1307,2009-01-14 14:45:00,Android,Ios,Call
911,2009-01-10 11:45:00,Ios,Android,Message
697,2009-01-08 06:15:00,Ios,Android,Message
466,2009-01-05 20:30:00,Android,Ios,Call
1019,2009-01-11 14:45:00,Android,Ios,Message
363,2009-01-04 18:45:00,Ios,Ios,Call
1842,2009-01-20 04:30:00,Ios,Android,Call
2797,2009-01-30 03:15:00,Ios,Ios,Call
1344,2009-01-15 00:00:00,Android,Android,Call
1360,2009-01-15 04:00:00,Ios,Android,Call
2539,2009-01-27 10:45:00,Android,Android,Call
2069,2009-01-22 13:15:00,Ios,Android,Call
2465,2009-01-26 16:15:00,Android,Ios,Call
2940,2009-01-31 15:00:00,Ios,Ios,Call
1524,2009-01-16 21:00:00,Ios,Ios,Message
1034,2009-01-11 18:30:00,Android,Android,Message
83,2009-01-01 20:45:00,Android,Android,Call
79,2009-01-01 19:45:00,Ios,Android,Message
662,2009-01-07 21:30:00,Ios,Android,Message
1439,2009-01-15 23:45:00,Ios,Ios,Call
2922,2009-01-31 10:30:00,Ios,Ios,Call
919,2009-01-10 13:45:00,Android,Android,Message
1440,2009-01-16 00:00:00,Android,Ios,Message
2565,2009-01-27 17:15:00,Ios,Android,Message
2305,2009-01-25 00:15:00,Ios,Android,Message
2263,2009-01-24 13:45:00,Android,Ios,Call
808,2009-01-09 10:00:00,Ios,Ios,Call
1510,2009-01-16 17:30:00,Android,Android,Message
656,2009-01-07 20:00:00,Ios,Ios,Call
1921,2009-01-21 00:15:00,Ios,Ios,Message
1442,2009-01-16 00:30:00,Ios,Ios,Message
2834,2009-01-30 12:30:00,Ios,Ios,Message
858,2009-01-09 22:30:00,Android,Ios,Message
1803,2009-01-19 18:45:00,Android,Android,Message
2155,2009-01-23 10:45:00,Ios,Ios,Message
2437,2009-01-26 09:15:00,Android,Android,Call
2183,2009-01-23 17:45:00,Ios,Android,Message
844,2009-01-09 19:00:00,Ios,Android,Message
833,2009-01-09 16:15:00,Android,Ios,Message
1614,2009-01-17 19:30:00,Android,Android,Message
213,2009-01-03 05:15:00,Android,Ios,Message
2627,2009-01-28 08:45:00,Android,Android,Call
131,2009-01-02 08:45:00,Android,Android,Call
439,2009-01-05 13:45:00,Ios,Ios,Call
2548,2009-01-27 13:00:00,Android,Ios,Message
1609,2009-01-17 18:15:00,Ios,Ios,Call
853,2009-01-09 21:15:00,Ios,Android,Message
448,2009-01-05 16:00:00,Ios,Ios,Call
2662,2009-01-28 17:30:00,Android,Ios,Message
2400,2009-01-26 00:00:00,Android,Android,Message
2421,2009-01-26 05:15:00,Ios,Ios,Message
1727,2009-01-18 23:45:00,Android,Ios,Message
103,2009-01-02 01:45:00,Android,Android,Call
523,2009-01-06 10:45:00,Ios,Ios,Call
1102,2009-01-12 11:30:00,Android,Android,Message
1821,2009-01-19 23:15:00,Ios,Android,Call
1415,2009-01-15 17:45:00,Ios,Android,Message
165,2009-01-02 17:15:00,Ios,Android,Call
2557,2009-01-27 15:15:00,Ios,Ios,Call
907,2009-01-10 10:45:00,Android,Android,Call
2506,2009-01-27 02:30:00,Ios,Ios,Call
1860,2009-01-20 09:00:00,Android,Android,Call
2230,2009-01-24 05:30:00,Ios,Android,Message
1741,2009-01-19 03:15:00,Android,Ios,Call
395,2009-01-05 02:45:00,Android,Ios,Message
625,2009-01-07 12:15:00,Ios,Android,Message
695,2009-01-08 05:45:00,Android,Ios,Message
947,2009-01-10 20:45:00,Ios,Ios,Message
761,2009-01-08 22:15:00,Ios,Ios,Call
1383,2009-01-15 09:45:00,Android,Ios,Message
2573,2009-01-27 19:15:00,Android,Ios,Message
1401,2009-01-15 14:15:00,Ios,Ios,Call
645,2009-01-07 17:15:00,Android,Android,Call
2774,2009-01-29 21:30:00,Ios,Ios,Call
2287,2009-01-24 19:45:00,Android,Android,Call
2931,2009-01-31 12:45:00,Android,Ios,Message
1882,2009-01-20 14:30:00,Ios,Android,Call
771,2009-01-09 00:45:00,Ios,Ios,Message
2688,2009-01-29 00:00:00,Android,Android,Message
51,2009-01-01 12:45:00,Android,Android,Message
1375,2009-01-15 07:45:00,Ios,Android,Call
1121,2009-01-12 16:15:00,Ios,Ios,Call
2726,2009-01-29 09:30:00,Ios,Ios,Message
1035,2009-01-11 18:45:00,Android,Ios,Call
2145,2009-01-23 08:15:00,Ios,Android,Call
2556,2009-01-27 15:00:00,Ios,Android,Call
111,2009-01-02 03:45:00,Ios,Ios,Message
183,2009-01-02 21:45:00,Ios,Android,Message
613,2009-01-07 09:15:00,Android,Android,Call
2267,2009-01-24 14:45:00,Ios,Ios,Message
1706,2009-01-18 18:30:00,Ios,Ios,Call
1557,2009-01-17 05:15:00,Ios,Android,Call
2895,2009-01-31 03:45:00,Ios,Android,Message
1711,2009-01-18 19:45:00,Ios,Ios,Call
1178,2009-01-13 06:30:00,Android,Android,Call
2129,2009-01-23 04:15:00,Ios,Ios,Message
397,2009-01-05 03:15:00,Android,Android,Message
1291,2009-01-14 10:45:00,Android,Android,Message
1630,2009-01-17 23:30:00,Ios,Ios,Call
2575,2009-01-27 19:45:00,Android,Ios,Call
1743,2009-01-19 03:45:00,Ios,Android,Message
2136,2009-01-23 06:00:00,Android,Android,Message
2086,2009-01-22 17:30:00,Android,Ios,Message
2232,2009-01-24 06:00:00,Ios,Ios,Message
571,2009-01-06 22:45:00,Ios,Ios,Message
2997,2009-02-01 05:15:00,Android,Android,Message
2636,2009-01-28 11:00:00,Ios,Ios,Message
2597,2009-01-28 01:15:00,Ios,Android,Call
1534,2009-01-16 23:30:00,Android,Android,Call
2697,2009-01-29 02:15:00,Android,Android,Call
1874,2009-01-20 12:30:00,Ios,Ios,Message
356,2009-01-04 17:00:00,Android,Android,Message
608,2009-01-07 08:00:00,Ios,Ios,Message
239,2009-01-03 11:45:00,Android,Ios,Message
2907,2009-01-31 06:45:00,Android,Android,Call
2520,2009-01-27 06:00:00,Android,Ios,Call
2167,2009-01-23 13:45:00,Ios,Android,Call
1814,2009-01-19 21:30:00,Ios,Android,Call
374,2009-01-04 21:30:00,Android,Ios,Message
2824,2009-01-30 10:00:00,Android,Android,Call
1937,2009-01-21 04:15:00,Ios,Ios,Message
1321,2009-01-14 18:15:00,Ios,Ios,Call
1125,2009-01-12 17:15:00,Ios,Android,Message
1527,2009-01-16 21:45:00,Ios,Ios,Message
2415,2009-01-26 03:45:00,Ios,Android,Call
729,2009-01-08 14:15:00,Ios,Ios,Message
1391,2009-01-15 11:45:00,Android,Android,Message
2671,2009-01-28 19:45:00,Ios,Ios,Call
1408,2009-01-15 16:00:00,Ios,Android,Message
2724,2009-01-29 09:00:00,Ios,Ios,Message
382,2009-01-04 23:30:00,Android,Ios,Message
1502,2009-01-16 15:30:00,Ios,Android,Message
2633,2009-01-28 10:15:00,Ios,Android,Message
1320,2009-01-14 18:00:00,Ios,Ios,Message
2524,2009-01-27 07:00:00,Android,Android,Message
1233,2009-01-13 20:15:00,Ios,Ios,Message
2295,2009-01-24 21:45:00,Android,Ios,Call
681,2009-01-08 02:15:00,Android,Ios,Call
2288,2009-01-24 20:00:00,Android,Ios,Call
1274,2009-01-14 06:30:00,Ios,Android,Message
123,2009-01-02 06:45:00,Android,Ios,Message
660,2009-01-07 21:00:00,Ios,Android,Call
1796,2009-01-19 17:00:00,Ios,Android,Call
1960,2009-01-21 10:00:00,Android,Ios,Message
2617,2009-01-28 06:15:00,Android,Ios,Call
230,2009-01-03 09:30:00,Android,Ios,Message
901,2009-01-10 09:15:00,Android,Android,Message
2393,2009-01-25 22:15:00,Android,Android,Message
765,2009-01-08 23:15:00,Ios,Android,Message
2429,2009-01-26 07:15:00,Android,Android,Message
2445,2009-01-26 11:15:00,Ios,Ios,Message
2412,2009-01-26 03:00:00,Ios,Ios,Message
1745,2009-01-19 04:15:00,Ios,Android,Message
787,2009-01-09 04:45:00,Android,Android,Message
2149,2009-01-23 09:15:00,Ios,Ios,Message
2641,2009-01-28 12:15:00,Android,Ios,Call
2357,2009-01-25 13:15:00,Ios,Android,Call
421,2009-01-05 09:15:00,Ios,Android,Message
2459,2009-01-26 14:45:00,Android,Ios,Message
1873,2009-01-20 12:15:00,Android,Android,Message
2138,2009-01-23 06:30:00,Android,Ios,Call
798,2009-01-09 07:30:00,Ios,Ios,Message
1870,2009-01-20 11:30:00,Ios,Android,Call
2007,2009-01-21 21:45:00,Android,Android,Call
626,2009-01-07 12:30:00,Android,Android,Message
495,2009-01-06 03:45:00,Ios,Ios,Call
2458,2009-01-26 14:30:00,Ios,Android,Message
1616,2009-01-17 20:00:00,Android,Ios,Message
1782,2009-01-19 13:30:00,Ios,Android,Call
2206,2009-01-23 23:30:00,Ios,Android,Message
1890,2009-01-20 16:30:00,Ios,Android,Call
790,2009-01-09 05:30:00,Android,Android,Message
2596,2009-01-28 01:00:00,Android,Ios,Call
2806,2009-01-30 05:30:00,Android,Ios,Message
2410,2009-01-26 02:30:00,Ios,Android,Message
417,2009-01-05 08:15:00,Ios,Android,Message
742,2009-01-08 17:30:00,Android,Ios,Message
2127,2009-01-23 03:45:00,Android,Ios,Message
1214,2009-01-13 15:30:00,Ios,Android,Call
492,2009-01-06 03:00:00,Android,Ios,Message
1909,2009-01-20 21:15:00,Android,Ios,Message
1169,2009-01-13 04:15:00,Android,Ios,Call
1342,2009-01-14 23:30:00,Android,Ios,Message
824,2009-01-09 14:00:00,Android,Android,Call
2475,2009-01-26 18:45:00,Ios,Android,Call
2381,2009-01-25 19:15:00,Android,Android,Message
1481,2009-01-16 10:15:00,Ios,Ios,Message
2843,2009-01-30 14:45:00,Ios,Android,Message
2657,2009-01-28 16:15:00,Android,Android,Call
1024,2009-01-11 16:00:00,Ios,Android,Call
592,2009-01-07 04:00:00,Android,Ios,Message
2540,2009-01-27 11:00:00,Ios,Android,Message
2788,2009-01-30 01:00:00,Ios,Android,Message
2702,2009-01-29 03:30:00,Ios,Android,Message
1797,2009-01-19 17:15:00,Ios,Android,Call
2323,2009-01-25 04:45:00,Ios,Ios,Call
127,2009-01-02 07:45:00,Ios,Android,Message
2535,2009-01-27 09:45:00,Android,Ios,Call
403,2009-01-05 04:45:00,Android,Ios,Message
150,2009-01-02 13:30:00,Ios,Android,Call
2892,2009-01-31 03:00:00,Ios,Android,Message
1437,2009-01-15 23:15:00,Ios,Android,Call
1629,2009-01-17 23:15:00,Ios,Android,Call
62,2009-01-01 15:30:00,Ios,Ios,Message
2256,2009-01-24 12:00:00,Android,Android,Call
95,2009-01-01 23:45:00,Android,Ios,Message
959,2009-01-10 23:45:00,Android,Android,Call
2191,2009-01-23 19:45:00,Ios,Ios,Message
2348,2009-01-25 11:00:00,Ios,Ios,Call
1576,2009-01-17 10:00:00,Android,Android,Call
2359,2009-01-25 13:45:00,Ios,Android,Message
2153,2009-01-23 10:15:00,Ios,Android,Call
236,2009-01-03 11:00:00,Ios,Android,Call
222,2009-01-03 07:30:00,Ios,Android,Call
2807,2009-01-30 05:45:00,Ios,Ios,Message
1810,2009-01-19 20:30:00,Android,Android,Message
120,2009-01-02 06:00:00,Ios,Ios,Call
1685,2009-01-18 13:15:00,Android,Android,Call
193,2009-01-03 00:15:00,Android,Ios,Message
2283,2009-01-24 18:45:00,Android,Ios,Call
181,2009-01-02 21:15:00,Ios,Ios,Call
389,2009-01-05 01:15:00,Android,Ios,Call
968,2009-01-11 02:00:00,Android,Ios,Message
2452,2009-01-26 13:00:00,Android,Ios,Call
1545,2009-01-17 02:15:00,Ios,Android,Call
669,2009-01-07 23:15:00,Ios,Android,Call
1365,2009-01-15 05:15:00,Ios,Android,Call
1394,2009-01-15 12:30:00,Android,Android,Message
331,2009-01-04 10:45:00,Ios,Ios,Call
614,2009-01-07 09:30:00,Android,Android,Call
1286,2009-01-14 09:30:00,Ios,Android,Message
266,2009-01-03 18:30:00,Android,Android,Call
1932,2009-01-21 03:00:00,Ios,Ios,Message
2199,2009-01-23 21:45:00,Android,Android,Call
1807,2009-01-19 19:45:00,Android,Android,Message
225,2009-01-03 08:15:00,Ios,Ios,Call
105,2009-01-02 02:15:00,Ios,Ios,Call
1508,2009-01-16 17:00:00,Android,Android,Message
2947,2009-01-31 16:45:00,Android,Android,Message
630,2009-01-07 13:30:00,Android,Ios,Call
2068,2009-01-22 13:00:00,Android,Android,Call
870,2009-01-10 01:30:00,Ios,Android,Call
2290,2009-01-24 20:30:00,Android,Ios,Message
2098,2009-01-22 20:30:00,Android,Android,Message
1186,2009-01-13 08:30:00,Android,Android,Message
1891,2009-01-20 16:45:00,Android,Ios,Call
1755,2009-01-19 06:45:00,Ios,Android,Call
1926,2009-01-21 01:30:00,Ios,Ios,Message
707,2009-01-08 08:45:00,Ios,Ios,Call
2887,2009-01-31 01:45:00,Android,Ios,Message
2525,2009-01-27 07:15:00,Ios,Ios,Message
2220,2009-01-24 03:00:00,Android,Ios,Call
1688,2009-01-18 14:00:00,Android,Ios,Call
284,2009-01-03 23:00:00,Ios,Ios,Message
1659,2009-01-18 06:45:00,Ios,Ios,Call
920,2009-01-10 14:00:00,Ios,Android,Call
1433,2009-01-15 22:15:00,Android,Android,Call
2570,2009-01-27 18:30:00,Ios,Ios,Message
2423,2009-01-26 05:45:00,Ios,Ios,Call
734,2009-01-08 15:30:00,Ios,Ios,Call
1812,2009-01-19 21:00:00,Android,Ios,Message
2968,2009-01-31 22:00:00,Ios,Android,Message
922,2009-01-10 14:30:00,Ios,Android,Message
1402,2009-01-15 14:30:00,Android,Ios,Call
2814,2009-01-30 07:30:00,Android,Android,Call
167,2009-01-02 17:45:00,Ios,Android,Call
2273,2009-01-24 16:15:00,Android,Ios,Message
2780,2009-01-29 23:00:00,Android,Android,Message
12,2009-01-01 03:00:00,Android,Ios,Call
1546,2009-01-17 02:30:00,Android,Ios,Call
617,2009-01-07 10:15:00,Android,Ios,Message
1092,2009-01-12 09:00:00,Ios,Android,Message
90,2009-01-01 22:30:00,Ios,Ios,Message
612,2009-01-07 09:00:00,Ios,Ios,Call
2710,2009-01-29 05:30:00,Android,Android,Call
1404,2009-01-15 15:00:00,Ios,Ios,Call
857,2009-01-09 22:15:00,Android,Ios,Message
2466,2009-01-26 16:30:00,Ios,Ios,Message
777,2009-01-09 02:15:00,Android,Android,Message
1638,2009-01-18 01:30:00,Android,Android,Message
1986,2009-01-21 16:30:00,Android,Android,Message
2352,2009-01-25 12:00:00,Android,Ios,Message
2911,2009-01-31 07:45:00,Android,Ios,Message
28,2009-01-01 07:00:00,Ios,Ios,Call
1522,2009-01-16 20:30:00,Android,Ios,Call
1066,2009-01-12 02:30:00,Ios,Ios,Message
1911,2009-01-20 21:45:00,Android,Ios,Call
74,2009-01-01 18:30:00,Android,Android,Message
515,2009-01-06 08:45:00,Ios,Android,Message
1309,2009-01-14 15:15:00,Ios,Android,Call
2227,2009-01-24 04:45:00,Ios,Ios,Call
2002,2009-01-21 20:30:00,Ios,Android,Call
2157,2009-01-23 11:15:00,Android,Ios,Call
1584,2009-01-17 12:00:00,Android,Ios,Message
1517,2009-01-16 19:15:00,Ios,Ios,Message
116,2009-01-02 05:00:00,Ios,Android,Message
2341,2009-01-25 09:15:00,Ios,Android,Message
1072,2009-01-12 04:00:00,Android,Android,Call
1799,2009-01-19 17:45:00,Ios,Android,Message
2720,2009-01-29 08:00:00,Ios,Ios,Call
1600,2009-01-17 16:00:00,Ios,Android,Message
622,2009-01-07 11:30:00,Ios,Android,Call
409,2009-01-05 06:15:00,Android,Ios,Message
1623,2009-01-17 21:45:00,Ios,Ios,Message
115,2009-01-02 04:45:00,Android,Ios,Message
288,2009-01-04 00:00:00,Ios,Ios,Message
2554,2009-01-27 14:30:00,Ios,Android,Message
1181,2009-01-13 07:15:00,Android,Android,Call
337,2009-01-04 12:15:00,Android,Ios,Message
46,2009-01-01 11:30:00,Android,Ios,Message
747,2009-01-08 18:45:00,Ios,Ios,Message
2739,2009-01-29 12:45:00,Android,Ios,Message
753,2009-01-08 20:15:00,Android,Ios,Call
462,2009-01-05 19:30:00,Android,Ios,Message
1938,2009-01-21 04:30:00,Ios,Ios,Call
673,2009-01-08 00:15:00,Android,Android,Message
1201,2009-01-13 12:15:00,Android,Android,Call
2686,2009-01-28 23:30:00,Ios,Android,Call
424,2009-01-05 10:00:00,Android,Ios,Call
325,2009-01-04 09:15:00,Android,Android,Call
664,2009-01-07 22:00:00,Android,Ios,Call
350,2009-01-04 15:30:00,Ios,Ios,Call
447,2009-01-05 15:45:00,Android,Ios,Call
709,2009-01-08 09:15:00,Android,Ios,Call
1924,2009-01-21 01:00:00,Android,Ios,Message
1722,2009-01-18 22:30:00,Android,Android,Message
1221,2009-01-13 17:15:00,Ios,Ios,Call
1149,2009-01-12 23:15:00,Ios,Ios,Call
387,2009-01-05 00:45:00,Ios,Android,Message
1369,2009-01-15 06:15:00,Android,Android,Message
1337,2009-01-14 22:15:00,Ios,Android,Call
754,2009-01-08 20:30:00,Ios,Ios,Message
2186,2009-01-23 18:30:00,Ios,Ios,Call
451,2009-01-05 16:45:00,Ios,Ios,Message
1194,2009-01-13 10:30:00,Ios,Android,Message
699,2009-01-08 06:45:00,Android,Android,Call
2247,2009-01-24 09:45:00,Android,Ios,Message
1608,2009-01-17 18:00:00,Ios,Android,Message
830,2009-01-09 15:30:00,Android,Ios,Call
950,2009-01-10 21:30:00,Ios,Ios,Call
2988,2009-02-01 03:00:00,Android,Ios,Call
1734,2009-01-19 01:30:00,Ios,Android,Call
1413,2009-01-15 17:15:00,Ios,Ios,Message
1409,2009-01-15 16:15:00,Ios,Ios,Message
2981,2009-02-01 01:15:00,Ios,Ios,Message
2831,2009-01-30 11:45:00,Ios,Ios,Message
1177,2009-01-13 06:15:00,Android,Android,Message
2871,2009-01-30 21:45:00,Android,Android,Call
2006,2009-01-21 21:30:00,Ios,Ios,Message
1253,2009-01-14 01:15:00,Ios,Ios,Message
21,2009-01-01 05:15:00,Ios,Android,Message
1305,2009-01-14 14:15:00,Ios,Ios,Call
2298,2009-01-24 22:30:00,Android,Ios,Message
2618,2009-01-28 06:30:00,Ios,Android,Call
671,2009-01-07 23:45:00,Android,Ios,Message
2813,2009-01-30 07:15:00,Android,Android,Message
1941,2009-01-21 05:15:00,Ios,Ios,Message
845,2009-01-09 19:15:00,Ios,Ios,Message
694,2009-01-08 05:30:00,Ios,Ios,Message
2473,2009-01-26 18:15:00,Android,Ios,Message
1353,2009-01-15 02:15:00,Android,Ios,Message
1133,2009-01-12 19:15:00,Android,Android,Call
869,2009-01-10 01:15:00,Android,Android,Message
604,2009-01-07 07:00:00,Android,Android,Message
834,2009-01-09 16:30:00,Android,Android,Call
2453,2009-01-26 13:15:00,Android,Android,Call
627,2009-01-07 12:45:00,Android,Ios,Call
902,2009-01-10 09:30:00,Android,Ios,Message
1747,2009-01-19 04:45:00,Android,Android,Call
2051,2009-01-22 08:45:00,Ios,Ios,Message
321,2009-01-04 08:15:00,Ios,Android,Message
696,2009-01-08 06:00:00,Android,Ios,Call
1179,2009-01-13 06:45:00,Ios,Android,Call
624,2009-01-07 12:00:00,Android,Android,Message
2778,2009-01-29 22:30:00,Android,Ios,Message
2173,2009-01-23 15:15:00,Ios,Android,Message
1011,2009-01-11 12:45:00,Ios,Android,Message
1480,2009-01-16 10:00:00,Android,Ios,Message
1090,2009-01-12 08:30:00,Android,Ios,Call
848,2009-01-09 20:00:00,Android,Android,Message
2512,2009-01-27 04:00:00,Android,Android,Call
780,2009-01-09 03:00:00,Ios,Ios,Message
605,2009-01-07 07:15:00,Ios,Android,Message
174,2009-01-02 19:30:00,Android,Ios,Message
1202,2009-01-13 12:30:00,Ios,Android,Message
2269,2009-01-24 15:15:00,Android,Android,Message
2463,2009-01-26 15:45:00,Android,Android,Call
100,2009-01-02 01:00:00,Android,Ios,Message
1243,2009-01-13 22:45:00,Ios,Android,Call
741,2009-01-08 17:15:00,Android,Android,Call
334,2009-01-04 11:30:00,Android,Ios,Message
1705,2009-01-18 18:15:00,Ios,Ios,Call
594,2009-01-07 04:30:00,Android,Ios,Message
1333,2009-01-14 21:15:00,Ios,Android,Call
2214,2009-01-24 01:30:00,Android,Ios,Message
2904,2009-01-31 06:00:00,Ios,Android,Message
1551,2009-01-17 03:45:00,Android,Ios,Message
2518,2009-01-27 05:30:00,Ios,Ios,Message
1542,2009-01-17 01:30:00,Ios,Android,Message
2543,2009-01-27 11:45:00,Android,Android,Message
327,2009-01-04 09:45:00,Ios,Ios,Message
1933,2009-01-21 03:15:00,Ios,Ios,Call
640,2009-01-07 16:00:00,Ios,Ios,Message
2152,2009-01-23 10:00:00,Android,Android,Call
2042,2009-01-22 06:30:00,Ios,Android,Message
1468,2009-01-16 07:00:00,Ios,Android,Call
1838,2009-01-20 03:30:00,Android,Android,Message
460,2009-01-05 19:00:00,Android,Android,Message
1046,2009-01-11 21:30:00,Ios,Ios,Call
1398,2009-01-15 13:30:00,Android,Ios,Message
1562,2009-01-17 06:30:00,Android,Ios,Call
1975,2009-01-21 13:45:00,Android,Android,Call
419,2009-01-05 08:45:00,Ios,Ios,Message
738,2009-01-08 16:30:00,Ios,Ios,Message
1879,2009-01-20 13:45:00,Ios,Ios,Message
1389,2009-01-15 11:15:00,Ios,Ios,Message
1438,2009-01-15 23:30:00,Ios,Ios,Call
497,2009-01-06 04:15:00,Android,Android,Call
375,2009-01-04 21:45:00,Android,Ios,Message
975,2009-01-11 03:45:00,Android,Android,Call
1209,2009-01-13 14:15:00,Ios,Android,Message
2637,2009-01-28 11:15:00,Android,Ios,Message
404,2009-01-05 05:00:00,Ios,Android,Call
2467,2009-01-26 16:45:00,Android,Ios,Message
1425,2009-01-15 20:15:00,Ios,Android,Message
93,2009-01-01 23:15:00,Ios,Android,Message
1769,2009-01-19 10:15:00,Ios,Android,Call
2221,2009-01-24 03:15:00,Android,Android,Call
1849,2009-01-20 06:15:00,Android,Ios,Message
827,2009-01-09 14:45:00,Android,Ios,Call
428,2009-01-05 11:00:00,Ios,Ios,Message
1889,2009-01-20 16:15:00,Android,Android,Call
2576,2009-01-27 20:00:00,Android,Ios,Message
2781,2009-01-29 23:15:00,Android,Android,Call
282,2009-01-03 22:30:00,Ios,Ios,Call
343,2009-01-04 13:45:00,Ios,Android,Message
1113,2009-01-12 14:15:00,Android,Ios,Message
1574,2009-01-17 09:30:00,Android,Ios,Call
691,2009-01-08 04:45:00,Android,Android,Message
0,2009-01-01 00:00:00,Ios,Ios,Call
1582,2009-01-17 11:30:00,Ios,Ios,Message
1707,2009-01-18 18:45:00,Android,Ios,Message
1416,2009-01-15 18:00:00,Ios,Ios,Call
2021,2009-01-22 01:15:00,Android,Android,Message
2003,2009-01-21 20:45:00,Android,Android,Call
1993,2009-01-21 18:15:00,Android,Android,Call
1131,2009-01-12 18:45:00,Android,Android,Message
2304,2009-01-25 00:00:00,Android,Android,Message
1247,2009-01-13 23:45:00,Ios,Ios,Message
2927,2009-01-31 11:45:00,Android,Ios,Call
2375,2009-01-25 17:45:00,Android,Android,Call
2150,2009-01-23 09:30:00,Android,Ios,Message
2261,2009-01-24 13:15:00,Android,Ios,Call
2994,2009-02-01 04:30:00,Ios,Ios,Message
1159,2009-01-13 01:45:00,Android,Android,Message
246,2009-01-03 13:30:00,Android,Ios,Call
2978,2009-02-01 00:30:00,Android,Ios,Call
2685,2009-01-28 23:15:00,Android,Ios,Call
1671,2009-01-18 09:45:00,Android,Android,Call
929,2009-01-10 16:15:00,Android,Ios,Message
2741,2009-01-29 13:15:00,Android,Ios,Message
1461,2009-01-16 05:15:00,Android,Android,Call
1971,2009-01-21 12:45:00,Ios,Ios,Message
365,2009-01-04 19:15:00,Ios,Android,Message
2296,2009-01-24 22:00:00,Ios,Ios,Message
736,2009-01-08 16:00:00,Ios,Android,Message
26,2009-01-01 06:30:00,Android,Ios,Message
1441,2009-01-16 00:15:00,Ios,Android,Call
2851,2009-01-30 16:45:00,Ios,Android,Call
680,2009-01-08 02:00:00,Android,Ios,Call
1250,2009-01-14 00:30:00,Android,Ios,Message
3,2009-01-01 00:45:00,Android,Android,Message
2182,2009-01-23 17:30:00,Ios,Android,Call
837,2009-01-09 17:15:00,Android,Ios,Message
2403,2009-01-26 00:45:00,Android,Ios,Message
292,2009-01-04 01:00:00,Ios,Ios,Call
698,2009-01-08 06:30:00,Android,Android,Message
1048,2009-01-11 22:00:00,Android,Ios,Message
2764,2009-01-29 19:00:00,Android,Ios,Message
2417,2009-01-26 04:15:00,Android,Ios,Message
1667,2009-01-18 08:45:00,Android,Ios,Call
1963,2009-01-21 10:45:00,Ios,Android,Message
1249,2009-01-14 00:15:00,Ios,Ios,Call
2274,2009-01-24 16:30:00,Android,Android,Message
1298,2009-01-14 12:30:00,Ios,Android,Call
1868,2009-01-20 11:00:00,Ios,Ios,Message
2387,2009-01-25 20:45:00,Android,Android,Call
1443,2009-01-16 00:45:00,Android,Android,Message
603,2009-01-07 06:45:00,Android,Android,Call
1289,2009-01-14 10:15:00,Ios,Ios,Message
2502,2009-01-27 01:30:00,Ios,Android,Call
63,2009-01-01 15:45:00,Ios,Ios,Message
1579,2009-01-17 10:45:00,Ios,Android,Call
1883,2009-01-20 14:45:00,Ios,Android,Call
990,2009-01-11 07:30:00,Ios,Ios,Call
1384,2009-01-15 10:00:00,Ios,Ios,Message
237,2009-01-03 11:15:00,Ios,Ios,Call
650,2009-01-07 18:30:00,Android,Android,Message
1967,2009-01-21 11:45:00,Ios,Ios,Call
112,2009-01-02 04:00:00,Ios,Android,Call
1348,2009-01-15 01:00:00,Ios,Ios,Message
804,2009-01-09 09:00:00,Ios,Ios,Message
1556,2009-01-17 05:00:00,Android,Ios,Message
577,2009-01-07 00:15:00,Android,Android,Message
1834,2009-01-20 02:30:00,Ios,Android,Message
126,2009-01-02 07:30:00,Ios,Android,Message
2666,2009-01-28 18:30:00,Android,Ios,Message
2730,2009-01-29 10:30:00,Android,Android,Call
851,2009-01-09 20:45:00,Android,Ios,Message
2185,2009-01-23 18:15:00,Ios,Android,Message
7,2009-01-01 01:45:00,Ios,Android,Call
2550,2009-01-27 13:30:00,Android,Android,Message
854,2009-01-09 21:30:00,Android,Android,Message
2853,2009-01-30 17:15:00,Android,Ios,Call
2722,2009-01-29 08:30:00,Ios,Android,Message
407,2009-01-05 05:45:00,Ios,Android,Message
2405,2009-01-26 01:15:00,Android,Android,Message
153,2009-01-02 14:15:00,Android,Android,Call
1566,2009-01-17 07:30:00,Ios,Android,Call
2391,2009-01-25 21:45:00,Ios,Ios,Call
2353,2009-01-25 12:15:00,Ios,Android,Message
1004,2009-01-11 11:00:00,Android,Android,Call
2652,2009-01-28 15:00:00,Ios,Android,Message
280,2009-01-03 22:00:00,Ios,Android,Call
400,2009-01-05 04:00:00,Android,Android,Message
1596,2009-01-17 15:00:00,Ios,Ios,Call
1497,2009-01-16 14:15:00,Ios,Ios,Message
2516,2009-01-27 05:00:00,Ios,Android,Message
1479,2009-01-16 09:45:00,Ios,Ios,Message
1800,2009-01-19 18:00:00,Android,Android,Message
2009,2009-01-21 22:15:00,Android,Android,Message
504,2009-01-06 06:00:00,Android,Ios,Call
2582,2009-01-27 21:30:00,Android,Android,Message
1744,2009-01-19 04:00:00,Android,Ios,Call
903,2009-01-10 09:45:00,Android,Android,Message
2040,2009-01-22 06:00:00,Android,Android,Message
1672,2009-01-18 10:00:00,Ios,Android,Message
550,2009-01-06 17:30:00,Ios,Ios,Message
1862,2009-01-20 09:30:00,Ios,Android,Message
1805,2009-01-19 19:15:00,Ios,Ios,Message
2696,2009-01-29 02:00:00,Ios,Android,Call
1130,2009-01-12 18:30:00,Android,Ios,Call
945,2009-01-10 20:15:00,Ios,Ios,Call
163,2009-01-02 16:45:00,Android,Ios,Message
1660,2009-01-18 07:00:00,Ios,Ios,Call
1690,2009-01-18 14:30:00,Ios,Ios,Message
2384,2009-01-25 20:00:00,Ios,Android,Call
2107,2009-01-22 22:45:00,Android,Android,Call
2982,2009-02-01 01:30:00,Ios,Android,Call
1514,2009-01-16 18:30:00,Android,Android,Call
449,2009-01-05 16:15:00,Android,Ios,Call
941,2009-01-10 19:15:00,Ios,Ios,Message
2832,2009-01-30 12:00:00,Ios,Android,Call
1532,2009-01-16 23:00:00,Android,Ios,Message
1847,2009-01-20 05:45:00,Android,Android,Call
437,2009-01-05 13:15:00,Ios,Android,Message
1314,2009-01-14 16:30:00,Ios,Ios,Message
786,2009-01-09 04:30:00,Android,Android,Message
873,2009-01-10 02:15:00,Android,Ios,Call
739,2009-01-08 16:45:00,Ios,Android,Message
1006,2009-01-11 11:30:00,Android,Ios,Message
1844,2009-01-20 05:00:00,Ios,Ios,Message
586,2009-01-07 02:30:00,Ios,Ios,Message
1306,2009-01-14 14:30:00,Ios,Android,Call
348,2009-01-04 15:00:00,Ios,Ios,Call
2471,2009-01-26 17:45:00,Android,Android,Message
1028,2009-01-11 17:00:00,Android,Ios,Message
1163,2009-01-13 02:45:00,Android,Ios,Message
2511,2009-01-27 03:45:00,Android,Android,Message
2901,2009-01-31 05:15:00,Android,Android,Call
1541,2009-01-17 01:15:00,Android,Ios,Call
573,2009-01-06 23:15:00,Android,Ios,Call
647,2009-01-07 17:45:00,Ios,Android,Call
595,2009-01-07 04:45:00,Ios,Android,Call
1251,2009-01-14 00:45:00,Ios,Ios,Message
1558,2009-01-17 05:30:00,Android,Ios,Call
1308,2009-01-14 15:00:00,Android,Ios,Message
470,2009-01-05 21:30:00,Android,Ios,Message
800,2009-01-09 08:00:00,Ios,Ios,Call
281,2009-01-03 22:15:00,Android,Ios,Message
932,2009-01-10 17:00:00,Android,Android,Message
732,2009-01-08 15:00:00,Ios,Ios,Call
2728,2009-01-29 10:00:00,Android,Android,Message
1144,2009-01-12 22:00:00,Android,Android,Message
1617,2009-01-17 20:15:00,Android,Ios,Message
2684,2009-01-28 23:00:00,Ios,Ios,Message
2503,2009-01-27 01:45:00,Android,Ios,Message
584,2009-01-07 02:00:00,Ios,Android,Call
2195,2009-01-23 20:45:00,Android,Android,Call
160,2009-01-02 16:00:00,Android,Ios,Message
1111,2009-01-12 13:45:00,Android,Android,Call
1915,2009-01-20 22:45:00,Android,Android,Message
859,2009-01-09 22:45:00,Ios,Android,Call
952,2009-01-10 22:00:00,Ios,Android,Message
2736,2009-01-29 12:00:00,Ios,Android,Call
1331,2009-01-14 20:45:00,Android,Android,Call
1219,2009-01-13 16:45:00,Android,Ios,Call
1215,2009-01-13 15:45:00,Android,Ios,Message
2676,2009-01-28 21:00:00,Android,Android,Call
606,2009-01-07 07:30:00,Android,Android,Message
164,2009-01-02 17:00:00,Ios,Ios,Call
2154,2009-01-23 10:30:00,Ios,Ios,Message
1040,2009-01-11 20:00:00,Android,Android,Call
1978,2009-01-21 14:30:00,Android,Android,Message
2665,2009-01-28 18:15:00,Ios,Ios,Call
2872,2009-01-30 22:00:00,Ios,Ios,Message
329,2009-01-04 10:15:00,Android,Android,Message
2011,2009-01-21 22:45:00,Android,Android,Message
2528,2009-01-27 08:00:00,Android,Android,Call
2546,2009-01-27 12:30:00,Ios,Android,Message
2891,2009-01-31 02:45:00,Android,Android,Message
1429,2009-01-15 21:15:00,Android,Ios,Call
2768,2009-01-29 20:00:00,Ios,Android,Message
2141,2009-01-23 07:15:00,Ios,Android,Message
809,2009-01-09 10:15:00,Android,Ios,Call
433,2009-01-05 12:15:00,Android,Ios,Call
1107,2009-01-12 12:45:00,Android,Android,Message
2091,2009-01-22 18:45:00,Android,Android,Call
860,2009-01-09 23:00:00,Android,Android,Call
274,2009-01-03 20:30:00,Ios,Ios,Message
967,2009-01-11 01:45:00,Android,Ios,Message
2962,2009-01-31 20:30:00,Ios,Ios,Message
2139,2009-01-23 06:45:00,Ios,Android,Call
1346,2009-01-15 00:30:00,Android,Android,Message
885,2009-01-10 05:15:00,Android,Android,Call
556,2009-01-06 19:00:00,Ios,Ios,Call
908,2009-01-10 11:00:00,Android,Android,Message
1381,2009-01-15 09:15:00,Android,Ios,Call
2117,2009-01-23 01:15:00,Ios,Ios,Message
2562,2009-01-27 16:30:00,Ios,Ios,Call
509,2009-01-06 07:15:00,Android,Android,Call
2388,2009-01-25 21:00:00,Android,Android,Message
221,2009-01-03 07:15:00,Android,Ios,Call
1297,2009-01-14 12:15:00,Android,Android,Message
146,2009-01-02 12:30:00,Android,Android,Call
1777,2009-01-19 12:15:00,Ios,Ios,Message
1053,2009-01-11 23:15:00,Ios,Android,Call
1822,2009-01-19 23:30:00,Android,Android,Message
508,2009-01-06 07:00:00,Ios,Android,Message
323,2009-01-04 08:45:00,Ios,Ios,Message
1561,2009-01-17 06:15:00,Android,Android,Call
176,2009-01-02 20:00:00,Android,Ios,Message
1908,2009-01-20 21:00:00,Ios,Ios,Call
168,2009-01-02 18:00:00,Android,Ios,Call
1400,2009-01-15 14:00:00,Ios,Android,Message
2933,2009-01-31 13:15:00,Android,Android,Call
1392,2009-01-15 12:00:00,Android,Android,Message
2257,2009-01-24 12:15:00,Android,Android,Message
2177,2009-01-23 16:15:00,Android,Android,Message
2237,2009-01-24 07:15:00,Ios,Android,Message
136,2009-01-02 10:00:00,Ios,Android,Message
1470,2009-01-16 07:30:00,Android,Ios,Call
1278,2009-01-14 07:30:00,Ios,Ios,Message
1973,2009-01-21 13:15:00,Android,Android,Message
894,2009-01-10 07:30:00,Ios,Ios,Call
197,2009-01-03 01:15:00,Ios,Android,Message
2338,2009-01-25 08:30:00,Ios,Android,Message
1483,2009-01-16 10:45:00,Android,Ios,Call
1792,2009-01-19 16:00:00,Android,Android,Message
2084,2009-01-22 17:00:00,Android,Android,Message
767,2009-01-08 23:45:00,Android,Ios,Message
2280,2009-01-24 18:00:00,Ios,Ios,Message
2693,2009-01-29 01:15:00,Ios,Android,Message
2081,2009-01-22 16:15:00,Ios,Ios,Call
1112,2009-01-12 14:00:00,Ios,Ios,Call
2969,2009-01-31 22:15:00,Ios,Ios,Message
865,2009-01-10 00:15:00,Android,Ios,Message
2389,2009-01-25 21:15:00,Ios,Ios,Message
1085,2009-01-12 07:15:00,Ios,Ios,Message
1447,2009-01-16 01:45:00,Android,Android,Call
199,2009-01-03 01:45:00,Android,Ios,Message
429,2009-01-05 11:15:00,Android,Ios,Message
1823,2009-01-19 23:45:00,Android,Ios,Message
1795,2009-01-19 16:45:00,Android,Ios,Call
1970,2009-01-21 12:30:00,Android,Android,Message
730,2009-01-08 14:30:00,Ios,Android,Call
297,2009-01-04 02:15:00,Android,Android,Call
2121,2009-01-23 02:15:00,Ios,Ios,Message
807,2009-01-09 09:45:00,Ios,Ios,Message
2595,2009-01-28 00:45:00,Ios,Android,Call
1565,2009-01-17 07:15:00,Ios,Android,Call
1172,2009-01-13 05:00:00,Android,Android,Call
2855,2009-01-30 17:45:00,Ios,Ios,Call
2862,2009-01-30 19:30:00,Android,Ios,Message
821,2009-01-09 13:15:00,Android,Ios,Call
2711,2009-01-29 05:45:00,Android,Ios,Message
1241,2009-01-13 22:15:00,Android,Android,Message
1563,2009-01-17 06:45:00,Android,Ios,Call
2846,2009-01-30 15:30:00,Ios,Android,Message
623,2009-01-07 11:45:00,Ios,Ios,Message
1445,2009-01-16 01:15:00,Ios,Ios,Call
1718,2009-01-18 21:30:00,Android,Android,Call
1162,2009-01-13 02:30:00,Ios,Android,Call
2260,2009-01-24 13:00:00,Ios,Ios,Call
1640,2009-01-18 02:00:00,Ios,Ios,Call
2860,2009-01-30 19:00:00,Android,Android,Call
2603,2009-01-28 02:45:00,Android,Ios,Call
2775,2009-01-29 21:45:00,Android,Ios,Message
2749,2009-01-29 15:15:00,Ios,Android,Message
1022,2009-01-11 15:30:00,Android,Ios,Message
1750,2009-01-19 05:30:00,Android,Ios,Message
291,2009-01-04 00:45:00,Ios,Android,Call
2022,2009-01-22 01:30:00,Android,Android,Message
1740,2009-01-19 03:00:00,Ios,Ios,Message
2282,2009-01-24 18:30:00,Android,Android,Message
1007,2009-01-11 11:45:00,Android,Ios,Call
67,2009-01-01 16:45:00,Android,Android,Call
24,2009-01-01 06:00:00,Ios,Ios,Call
216,2009-01-03 06:00:00,Ios,Ios,Call
1910,2009-01-20 21:30:00,Android,Android,Message
2783,2009-01-29 23:45:00,Android,Ios,Call
1153,2009-01-13 00:15:00,Android,Ios,Call
2159,2009-01-23 11:45:00,Android,Ios,Message
166,2009-01-02 17:30:00,Android,Android,Call
207,2009-01-03 03:45:00,Ios,Ios,Message
2322,2009-01-25 04:30:00,Ios,Android,Message
2089,2009-01-22 18:15:00,Ios,Android,Call
591,2009-01-07 03:45:00,Ios,Android,Message
1176,2009-01-13 06:00:00,Ios,Android,Message
1720,2009-01-18 22:00:00,Android,Android,Call
1863,2009-01-20 09:45:00,Ios,Android,Call
525,2009-01-06 11:15:00,Android,Android,Message
2335,2009-01-25 07:45:00,Android,Android,Message
469,2009-01-05 21:15:00,Ios,Android,Message
1350,2009-01-15 01:30:00,Android,Android,Message
2169,2009-01-23 14:15:00,Android,Ios,Call
2811,2009-01-30 06:45:00,Ios,Android,Call
1531,2009-01-16 22:45:00,Android,Ios,Call
928,2009-01-10 16:00:00,Ios,Ios,Call
1896,2009-01-20 18:00:00,Android,Android,Message
2721,2009-01-29 08:15:00,Ios,Android,Message
1619,2009-01-17 20:45:00,Android,Ios,Call
1469,2009-01-16 07:15:00,Ios,Ios,Call
1141,2009-01-12 21:15:00,Ios,Ios,Call
1913,2009-01-20 22:15:00,Android,Android,Message
956,2009-01-10 23:00:00,Ios,Ios,Call
1488,2009-01-16 12:00:00,Ios,Android,Message
25,2009-01-01 06:15:00,Ios,Ios,Call
1134,2009-01-12 19:30:00,Android,Android,Call
2197,2009-01-23 21:15:00,Android,Ios,Call
925,2009-01-10 15:15:00,Android,Ios,Message
1552,2009-01-17 04:00:00,Android,Android,Call
2744,2009-01-29 14:00:00,Ios,Ios,Message
843,2009-01-09 18:45:00,Ios,Android,Message
1645,2009-01-18 03:15:00,Ios,Ios,Call
2646,2009-01-28 13:30:00,Ios,Ios,Call
1020,2009-01-11 15:00:00,Android,Ios,Message
2187,2009-01-23 18:45:00,Ios,Android,Message
749,2009-01-08 19:15:00,Android,Android,Call
2371,2009-01-25 16:45:00,Ios,Android,Message
180,2009-01-02 21:00:00,Ios,Android,Call
1272,2009-01-14 06:00:00,Ios,Ios,Call
2498,2009-01-27 00:30:00,Ios,Android,Call
1434,2009-01-15 22:30:00,Ios,Android,Call
607,2009-01-07 07:45:00,Ios,Ios,Message
1352,2009-01-15 02:00:00,Ios,Ios,Call
2344,2009-01-25 10:00:00,Ios,Ios,Call
1904,2009-01-20 20:00:00,Android,Android,Message
1899,2009-01-20 18:45:00,Ios,Ios,Call
94,2009-01-01 23:30:00,Android,Ios,Message
770,2009-01-09 00:30:00,Android,Android,Call
637,2009-01-07 15:15:00,Android,Android,Message
1304,2009-01-14 14:00:00,Android,Ios,Call
2334,2009-01-25 07:30:00,Android,Android,Message
2536,2009-01-27 10:00:00,Android,Ios,Message
2492,2009-01-26 23:00:00,Android,Ios,Call
1208,2009-01-13 14:00:00,Ios,Android,Call
1395,2009-01-15 12:45:00,Ios,Ios,Call
1578,2009-01-17 10:30:00,Android,Android,Message
1198,2009-01-13 11:30:00,Ios,Ios,Call
275,2009-01-03 20:45:00,Android,Ios,Call
2854,2009-01-30 17:30:00,Android,Android,Call
1152,2009-01-13 00:00:00,Ios,Ios,Call
1206,2009-01-13 13:30:00,Android,Android,Message
2080,2009-01-22 16:00:00,Android,Ios,Message
1104,2009-01-12 12:00:00,Ios,Android,Message
307,2009-01-04 04:45:00,Ios,Android,Message
2818,2009-01-30 08:30:00,Android,Android,Call
2059,2009-01-22 10:45:00,Android,Android,Call
872,2009-01-10 02:00:00,Ios,Ios,Message
86,2009-01-01 21:30:00,Android,Android,Call
2826,2009-01-30 10:30:00,Android,Ios,Message
2753,2009-01-29 16:15:00,Android,Ios,Call
2830,2009-01-30 11:30:00,Ios,Ios,Message
1435,2009-01-15 22:45:00,Ios,Android,Message
2610,2009-01-28 04:30:00,Android,Android,Call
209,2009-01-03 04:15:00,Android,Android,Message
2787,2009-01-30 00:45:00,Ios,Ios,Message
1966,2009-01-21 11:30:00,Android,Android,Message
2642,2009-01-28 12:30:00,Android,Ios,Call
1987,2009-01-21 16:45:00,Android,Android,Message
2171,2009-01-23 14:45:00,Ios,Android,Message
2782,2009-01-29 23:30:00,Ios,Ios,Call
931,2009-01-10 16:45:00,Ios,Android,Message
2146,2009-01-23 08:30:00,Ios,Ios,Message
2425,2009-01-26 06:15:00,Ios,Ios,Message
130,2009-01-02 08:30:00,Android,Ios,Call
1723,2009-01-18 22:45:00,Ios,Android,Call
2071,2009-01-22 13:45:00,Ios,Android,Call
954,2009-01-10 22:30:00,Ios,Ios,Call
555,2009-01-06 18:45:00,Ios,Android,Call
2418,2009-01-26 04:30:00,Ios,Ios,Call
1930,2009-01-21 02:30:00,Ios,Android,Call
1536,2009-01-17 00:00:00,Ios,Android,Message
2431,2009-01-26 07:45:00,Ios,Android,Call
201,2009-01-03 02:15:00,Ios,Android,Message
2023,2009-01-22 01:45:00,Android,Android,Call
368,2009-01-04 20:00:00,Ios,Android,Call
973,2009-01-11 03:15:00,Android,Android,Message
1634,2009-01-18 00:30:00,Ios,Android,Call
2435,2009-01-26 08:45:00,Android,Android,Message
816,2009-01-09 12:00:00,Ios,Ios,Message
1954,2009-01-21 08:30:00,Ios,Android,Call
1316,2009-01-14 17:00:00,Android,Ios,Message
1905,2009-01-20 20:15:00,Android,Android,Message
256,2009-01-03 16:00:00,Ios,Android,Message
1472,2009-01-16 08:00:00,Ios,Android,Call
1699,2009-01-18 16:45:00,Android,Ios,Call
2217,2009-01-24 02:15:00,Android,Ios,Message
1605,2009-01-17 17:15:00,Ios,Ios,Call
1329,2009-01-14 20:15:00,Android,Ios,Message
560,2009-01-06 20:00:00,Ios,Android,Message
1877,2009-01-20 13:15:00,Android,Android,Message
373,2009-01-04 21:15:00,Ios,Android,Call
2767,2009-01-29 19:45:00,Ios,Android,Call
2839,2009-01-30 13:45:00,Android,Android,Message
1684,2009-01-18 13:00:00,Ios,Android,Message
1167,2009-01-13 03:45:00,Ios,Ios,Call
2024,2009-01-22 02:00:00,Ios,Android,Message
1204,2009-01-13 13:00:00,Ios,Android,Message
972,2009-01-11 03:00:00,Android,Android,Message
1155,2009-01-13 00:45:00,Ios,Android,Call
2036,2009-01-22 05:00:00,Ios,Ios,Message
2960,2009-01-31 20:00:00,Ios,Android,Call
1071,2009-01-12 03:45:00,Ios,Ios,Message
774,2009-01-09 01:30:00,Ios,Ios,Call
324,2009-01-04 09:00:00,Android,Ios,Message
2251,2009-01-24 10:45:00,Ios,Ios,Message
84,2009-01-01 21:00:00,Ios,Ios,Message
2681,2009-01-28 22:15:00,Android,Android,Call
1589,2009-01-17 13:15:00,Ios,Ios,Message
2659,2009-01-28 16:45:00,Ios,Ios,Message
2446,2009-01-26 11:30:00,Android,Android,Message
1920,2009-01-21 00:00:00,Ios,Ios,Message
91,2009-01-01 22:45:00,Ios,Ios,Call
430,2009-01-05 11:30:00,Ios,Android,Call
2827,2009-01-30 10:45:00,Android,Ios,Message
2339,2009-01-25 08:45:00,Android,Ios,Call
2105,2009-01-22 22:15:00,Android,Ios,Message
1345,2009-01-15 00:15:00,Ios,Ios,Message
257,2009-01-03 16:15:00,Ios,Ios,Message
888,2009-01-10 06:00:00,Android,Ios,Call
2963,2009-01-31 20:45:00,Ios,Ios,Call
1466,2009-01-16 06:30:00,Android,Ios,Call
1641,2009-01-18 02:15:00,Android,Android,Call
388,2009-01-05 01:00:00,Android,Android,Message
2383,2009-01-25 19:45:00,Android,Ios,Call
273,2009-01-03 20:15:00,Android,Ios,Message
756,2009-01-08 21:00:00,Ios,Android,Message
1925,2009-01-21 01:15:00,Android,Ios,Call
1956,2009-01-21 09:00:00,Android,Android,Message
2948,2009-01-31 17:00:00,Ios,Ios,Call
2176,2009-01-23 16:00:00,Ios,Android,Message
802,2009-01-09 08:30:00,Android,Android,Message
2076,2009-01-22 15:00:00,Ios,Ios,Call
1207,2009-01-13 13:45:00,Ios,Android,Message
2930,2009-01-31 12:30:00,Ios,Ios,Call
2558,2009-01-27 15:30:00,Ios,Android,Call
2723,2009-01-29 08:45:00,Ios,Ios,Message
151,2009-01-02 13:45:00,Android,Ios,Call
2292,2009-01-24 21:00:00,Android,Ios,Message
714,2009-01-08 10:30:00,Ios,Ios,Message
2591,2009-01-27 23:45:00,Android,Ios,Message
544,2009-01-06 16:00:00,Ios,Android,Message
639,2009-01-07 15:45:00,Ios,Android,Call
2745,2009-01-29 14:15:00,Android,Android,Message
423,2009-01-05 09:45:00,Android,Ios,Message
2958,2009-01-31 19:30:00,Ios,Android,Call
659,2009-01-07 20:45:00,Ios,Ios,Call
797,2009-01-09 07:15:00,Android,Android,Call
2973,2009-01-31 23:15:00,Android,Android,Message
2008,2009-01-21 22:00:00,Ios,Android,Call
99,2009-01-02 00:45:00,Ios,Android,Message
2898,2009-01-31 04:30:00,Ios,Android,Message
2496,2009-01-27 00:00:00,Ios,Ios,Call
1871,2009-01-20 11:45:00,Ios,Ios,Message
2046,2009-01-22 07:30:00,Ios,Android,Message
755,2009-01-08 20:45:00,Android,Ios,Call
976,2009-01-11 04:00:00,Android,Android,Message
2163,2009-01-23 12:45:00,Ios,Android,Message
1940,2009-01-21 05:00:00,Android,Ios,Call
2825,2009-01-30 10:15:00,Ios,Ios,Call
2120,2009-01-23 02:00:00,Ios,Android,Message
2893,2009-01-31 03:15:00,Ios,Android,Message
537,2009-01-06 14:15:00,Ios,Android,Message
1701,2009-01-18 17:15:00,Ios,Android,Call
2897,2009-01-31 04:15:00,Ios,Ios,Message
2222,2009-01-24 03:30:00,Ios,Ios,Call
2135,2009-01-23 05:45:00,Android,Ios,Message
2599,2009-01-28 01:45:00,Ios,Ios,Message
705,2009-01-08 08:15:00,Android,Android,Message
2362,2009-01-25 14:30:00,Ios,Ios,Call
2648,2009-01-28 14:00:00,Ios,Ios,Message
2647,2009-01-28 13:45:00,Android,Android,Message
1828,2009-01-20 01:00:00,Ios,Android,Call
1778,2009-01-19 12:30:00,Ios,Android,Call
277,2009-01-03 21:15:00,Android,Ios,Call
1033,2009-01-11 18:15:00,Android,Ios,Call
1731,2009-01-19 00:45:00,Ios,Ios,Message
763,2009-01-08 22:45:00,Android,Ios,Message
835,2009-01-09 16:45:00,Ios,Android,Call
1653,2009-01-18 05:15:00,Android,Ios,Message
2607,2009-01-28 03:45:00,Android,Android,Call
2732,2009-01-29 11:00:00,Ios,Android,Message
